source_term,translation_vi,scope,note
Gold,vàng,,Tài nguyên
Wood,gỗ,,Tài nguyên
Stone,đá,,Tài nguyên
Iron,sắt,,Tài nguyên
Food,lương thực,,Tài nguyên; không dùng 'thức ăn'
Magic,phép thuật,,Tài nguyên/chủ đề phép thuật
Worker,nhân công,,Người làm việc trong công trình
Policy,chính sách,,
Soldier,binh lính,,
Upkeep,chi phí duy trì,,Chi phí nuôi quân/công trình mỗi chu kỳ
Enemy,địch,,Dùng 'quân địch'
Difficulty,độ khó,,
Town,thị trấn,,Nơi người chơi xây dựng
Trade,giao thương,,
Research,nghiên cứu,,
Starvation,nạn đói,,
Population,dân số,,
Save,lưu,,Danh từ: 'bản lưu'; động từ: 'lưu'
Slot,ô lưu,,Chỉ dùng cho ô lưu game
Load,tải,,Tải game / tải bản lưu
Exit,thoát,,
Language,ngôn ngữ,,
Settings,cài đặt,,
Options,tùy chọn,,
Gentle,Nhẹ nhàng,DIFFICULTY_EASY,Tên mức độ khó
Steady,Ổn định,DIFFICULTY_NORMAL,Tên mức độ khó
Challenging,Thử thách,DIFFICULTY_HARD,Tên mức độ khó
Intense,Khốc liệt,DIFFICULTY_VERY_HARD,Tên mức độ khó
