key,status,note
NET_CHANGE,reviewed,
TRADE_QUALITY_LABEL,reviewed,
DOCKS_IMPROVEMENT_9_DES,reviewed,
ALCHEMIST_IMPROVEMENT_7_DES,reviewed,
BU_TOWN_SQUARE_5_NAME,reviewed,
STONE_IMPROVEMENT_4_DES,reviewed,
BU_ROAD_5_REWARD,reviewed,
FARM_SKILLED_LABOUR_1_NAME,reviewed,
CHURCH_IMPROVEMENT_13_NAME,reviewed,
MAGIC_IMPROVEMENT_8_DES,reviewed,
ITEM_MAGIC_ENCHANT_ARMOUR_I_DESCRIPTION,reviewed,
OPTIONS_MENU_UI,reviewed,
BU_TAVERN_5_DES,reviewed,
GUARDS_IMPROVEMENT_10_NAME,reviewed,
BU_IRON_MINE_1_DES,reviewed,
BU_LEATHER_2_DES,reviewed,
BU_HOUSES_6_NAME,reviewed,
GOLD_SKILLED_LABOUR_1_DES,reviewed,
DOCKS_IMPROVEMENT_6_DES,reviewed,
BU_MAGIC_3_DES,reviewed,
BU_TOWN_GUARDS_2_REWARD,reviewed,
FANGMIRE,reviewed,
POLICY_FOREIGN_TAX_IV_DESCRIPTION,reviewed,
BU_ROAD_3_DES,reviewed,
CARPENTER_IMPROVEMENT_6_DES,reviewed,
BU_NORTHERN_WALL_2_DES,reviewed,
MILITARY_STRENGTH_PER_SOLDIER,reviewed,
BU_GOLD_MINE_3_NAME,reviewed,
CARAVAN,reviewed,
SKELETON_WARRIOR_NAME,reviewed,
EYE_NAME_PLURAL,reviewed,
MILITARY_RECRUIT_TITLE,reviewed,
BU_TOWN_GUARDS_5_NAME,reviewed,
BU_CARPENTER_4_DES,reviewed,
BU_NORTHERN_WALL_4_REWARD,reviewed,
SHOP_ITEM_BUY,reviewed,
LEATHER_IMPROVEMENT_12_DES,reviewed,
BU_KEEP_1_REWARD,reviewed,
EDUCATION,reviewed,
TRADE_METHOD,reviewed,
ENEMY_CATEGORY_HUMAN,reviewed,
CHURCH_IMPROVEMENT_2_NAME,reviewed,
PLANT_NAME_PLURAL,reviewed,
ITEM_ALCHEMIST_TIMBER_GROWTH_POTION_DESCRIPTION,reviewed,
QUEST_LOG_INVALID_QUEST,reviewed,
GUARDS_IMPROVEMENT_13_DES,reviewed,
FISHING_SKILLED_LABOUR_1_DES,reviewed,
CARPENTER_IMPROVEMENT_3_DES,reviewed,
WISHLIST,reviewed,
GUARDS_IMPROVEMENT_5_NAME,reviewed,
STONE_IMPROVEMENT_5_NAME,reviewed,
TRADE_SEND_EXPEDITION,reviewed,
BU_NORTHERN_WALL_3_NAME,reviewed,
MARKET_IMPROVEMENT_10_DES,reviewed,
ACH_COMPLETE_STEADY_DES,reviewed,
SEPHIRAH,reviewed,
BU_CLIFF_1_NAME,reviewed,
BU_TOWN_SQUARE_1_REWARD,reviewed,
BLACKSMITH_IMPROVEMENT_16_NAME,reviewed,
BUILD_MENU_UPGRADE,reviewed,
HUNTING_SKILLED_LABOUR_1_DES,reviewed,
QUARRY_SKILLED_LABOUR_1_DES,reviewed,
BI_SHOP,reviewed,
DOCKS_IMPROVEMENT_1_DES,reviewed,
CARPENTER_IMPROVEMENT_9_NAME,reviewed,
UPG_BOOK_LOCKED,reviewed,
DOCKS_IMPROVEMENT_4_DES,reviewed,
FARM_IMPROVEMENT_1_NAME,reviewed,
POLICY_FOREIGN_TAX_II_NAME,reviewed,
BLACKSMITH_IMPROVEMENT_18_DES,reviewed,
CARPENTER_IMPROVEMENT_1_NAME,reviewed,
FISHING_IMPROVEMENT_2_DES,reviewed,
BAT_NAME,reviewed,
CARPENTER_IMPROVEMENT_2_NAME,reviewed,
LANGUAGE_RESTART,reviewed,
QUEST_OBJECTIVE9,reviewed,
Per Worker,reviewed,
QUEST_OBJECTIVE8,reviewed,
CHURCH_IMPROVEMENT_5_NAME,reviewed,
GOLD_IMPROVEMENT_8_NAME,reviewed,
QUEST_OBJECTIVE5,reviewed,
BLUEPRINT_TOOLTIP_MASTER,reviewed,
GROWTH_SMALL,reviewed,
QUEST_OBJECTIVE4,reviewed,
IRON_IMPROVEMENT_2_NAME,reviewed,
QUEST_OBJECTIVE7,reviewed,
BUILD_MENU_REQS,reviewed,
QUEST_OBJECTIVE6,reviewed,
LEATHER_IMPROVEMENT_13_NAME,reviewed,
BU_LIBRARY_1_REWARD,reviewed,
END_VICTORY_COUNT,reviewed,
MAGE_IMPROVEMENT_19_NAME,reviewed,
POLICY_RECRUIT_IMMIGRANT_WORKERS_II_DESCRIPTION,reviewed,
GUARDS_IMPROVEMENT_6_NAME,reviewed,
QUEST_OBJECTIVE3,reviewed,
PLAGUE_RAT_NAME,reviewed,
QUEST_OBJECTIVE2,reviewed,
QUEST_OBJECTIVE1A,reviewed,
BU_CARPENTER_3_NAME,reviewed,
FARM_SKILLED_LABOUR_2_NAME,reviewed,
QUEST_OBJECTIVE1B,reviewed,
FARM_IMPROVEMENT_9_DES,reviewed,
BU_ALCHEMIST_5_NAME,reviewed,
GOLD_IMPROVEMENT_11_NAME,reviewed,
BU_LEATHER_1_DES,reviewed,
QUEST_OBJECTIVE14,reviewed,
QUEST_OBJECTIVE15,reviewed,
QUEST_OBJECTIVE16,reviewed,
BU_NORTHERN_WALL_4_NAME,reviewed,
QUEST_OBJECTIVE17,reviewed,
MAGE_IMPROVEMENT_11_DES,reviewed,
QUEST_OBJECTIVE11,reviewed,
QUEST_OBJECTIVE12,reviewed,
QUEST_OBJECTIVE13,reviewed,
BU_LUMBER_3_DES,reviewed,
BU_WAREHOUSE_3_REWARD,reviewed,
Tools,reviewed,
WOOD_IMPROVEMENT_8_NAME,reviewed,
QUEST_OBJECTIVE18,reviewed,
MAGE_IMPROVEMENT_14_DES,reviewed,
FISHING_SKILLED_LABOUR_1_NAME,reviewed,
QUEST_OBJECTIVE19,reviewed,
TRADE_COST_LABEL,reviewed,
GOLD,reviewed,
KEEP_IMPROVEMENT_1_NAME,reviewed,
OPTIONS_BORDERLESS_FULLSCREEN,reviewed,
BU_CHURCH_4_DES,reviewed,
HOUSING_CAPACITY,reviewed,
DIFFICULTY_HARD,reviewed,
BU_MILITARY_CAMP_1_NAME,reviewed,
GOLD_IMPROVEMENT_12_DES,reviewed,
MAGE_IMPROVEMENT_16_DES,reviewed,
ITEM_MAGIC_ENCHANT_WEAPONS_II_NAME,reviewed,
GOLD_SKILLED_LABOUR_1_NAME,reviewed,
CARPENTER_IMPROVEMENT_6_NAME,reviewed,
FARM_SKILLED_LABOUR_5_NAME,reviewed,
MAGIC_IMPROVEMENT_5_DES,reviewed,
FISHING_IMPROVEMENT_5_DES,reviewed,
IRON_IMPROVEMENT_8_DES,reviewed,
IRON_IMPROVEMENT_8_NAME,reviewed,
NEXT_WORKER,reviewed,
BU_TOWN_SQUARE_3_NAME,reviewed,
IRON_IMPROVEMENT_10_DES,reviewed,
IRON_IMPROVEMENT_12_DES,reviewed,
MARKET_IMPROVEMENT_2_NAME,reviewed,
Total Production,reviewed,
FARM_IMPROVEMENT_12_NAME,reviewed,
BU_WAREHOUSE_1_REWARD,reviewed,
BI_RESEARCH,reviewed,
WOOD_IMPROVEMENT_5_NAME,reviewed,
BU_CHURCH_1_DES,reviewed,
BU_CHURCH_2_NAME,reviewed,
BU_SWAMP_2_DES,reviewed,
COMPLETE_QUEST,reviewed,
FISHING_IMPROVEMENT_12_DES,reviewed,
PRODUCTION_PENALTY,reviewed,
BU_LUMBER_2_NAME,reviewed,
BLACKSMITH_IMPROVEMENT_13_DES,reviewed,
BU_TOWN_SQUARE_4_REWARD,reviewed,
BU_DOCKS_3_NAME,reviewed,
BU_QUARRY_3_DES,reviewed,
FARM_IMPROVEMENT_4_NAME,reviewed,
STONE_IMPROVEMENT_13_NAME,reviewed,
OPTIONS_MENU_AUTO_SCALE,reviewed,
IRON_IMPROVEMENT_15_DES,reviewed,
IRON_IMPROVEMENT_4_DES,reviewed,
CHURCH_IMPROVEMENT_1_NAME,reviewed,
MAIN_MENU_ACCEPT,reviewed,
BU_MAGIC_4_NAME,reviewed,
ITEM_MAGIC_UNNATURAL_GROWTH_NAME,reviewed,
BU_LUMBER_1_DES,reviewed,
BU_HUNTING_1_DES,reviewed,
LEATHER_IMPROVEMENT_6_NAME,reviewed,
KEEP_IMPROVEMENT_3_DES,reviewed,
ACH_SURVIVE_PLAGUE_NAME,reviewed,
LEATHER_IMPROVEMENT_7_NAME,reviewed,
BU_WAREHOUSE_3_NAME,reviewed,
CARPENTER_IMPROVEMENT_4_DES,reviewed,
BU_NORTHERN_WALL_2_NAME,reviewed,
BU_TAVERN_5_NAME,reviewed,
FARM_IMPROVEMENT_11_NAME,reviewed,
LOCKED,reviewed,
DEBUFF_RECENT_STARVATION_4_DESCRIPTION,reviewed,
KEEP_IMPROVEMENT_10_DES,reviewed,
LIBRARY_IMPROVEMENT_4_NAME,reviewed,
MARKET_IMPROVEMENT_15_NAME,reviewed,
GUARDS_IMPROVEMENT_16_NAME,reviewed,
DIFFICULTY_SELECTION_MENU,reviewed,
ITEM_MAGIC_ENCHANT_WEAPONS_II_DESCRIPTION,reviewed,
FISHING_IMPROVEMENT_1_NAME,reviewed,
LOC_MARKET,reviewed,
MAIN_MENU_YES,reviewed,
GOLD_IMPROVEMENT_8_DES,reviewed,
FARM_IMPROVEMENT_14_NAME,reviewed,
FISHING_SKILLED_LABOUR_2_NAME,reviewed,
LIBRARY_IMPROVEMENT_9_NAME,reviewed,
CARPENTER_IMPROVEMENT_10_DES,reviewed,
ACH_RECRUIT_WIZARD_DES,reviewed,
ITEM_ALCHEMIST_CONVERT_IRON_TO_GOLD_NAME,reviewed,
BU_HUNTING_1_NAME,reviewed,
ACH_FULLY_UPGRADE_DES,reviewed,
ITEM_ALCHEMIST_GOLD_FINDING_POTION_DESCRIPTION,reviewed,
CARPENTER_IMPROVEMENT_11_DES,reviewed,
BU_CHURCH_4_NAME,reviewed,
LOC_LIBRARY,reviewed,
ACH_POP_1200_DES,reviewed,
FISHING_IMPROVEMENT_9_NAME,reviewed,
HUNTING_IMPROVEMENT_4_NAME,reviewed,
BU_IRON_MINE_1_REWARD,reviewed,
BU_TOWN_SQUARE_5_DES,reviewed,
KEEP_IMPROVEMENT_15_DES,reviewed,
TOTAL_ATTACK,reviewed,
BU_FISHING_4_REWARD,reviewed,
ACH_UNLOCK_MAGIC_SWAMP_NAME,reviewed,
CHOOSE_SAVE_SLOT,reviewed,
NOTE_RETURN_CARGO,reviewed,
BI_BUILD,reviewed,
BU_CARPENTER_1_REWARD,reviewed,
BU_TAVERN_3_DES,reviewed,
BU_MAGIC_5_NAME,reviewed,
BLACKSMITH_IMPROVEMENT_18_NAME,reviewed,
FARM_SKILLED_LABOUR_4_NAME,reviewed,
OPTIONS_MENU_AUDIO_SETTINGS,reviewed,
BU_FARM_3_NAME,reviewed,
POLICY_FOREIGN_TAX_III_DESCRIPTION,reviewed,
HUNTING_IMPROVEMENT_8_NAME,reviewed,
BU_LIBRARY_5_NAME,reviewed,
HUNTING_IMPROVEMENT_11_NAME,reviewed,
FARM_IMPROVEMENT_12_DES,reviewed,
BLUEPRINT_TOOLTIP_LEGENDARY,reviewed,
CHURCH_IMPROVEMENT_10_NAME,reviewed,
ACH_COMPLETE_INTENSE_DES,reviewed,
STONE_IMPROVEMENT_9_NAME,reviewed,
FISHING_SKILLED_LABOUR_4_NAME,reviewed,
HARV_GOLD,reviewed,
GOLD_SKILLED_LABOUR_2_NAME,reviewed,
HARV_WOOD,reviewed,
FARM_IMPROVEMENT_10_NAME,reviewed,
ACH_POP_1200_NAME,reviewed,
ALCHEMIST_IMPROVEMENT_9_NAME,reviewed,
LEATHER_IMPROVEMENT_5_DES,reviewed,
UPG_BOOK_PAGE_TITLE_LUMBER,reviewed,
BU_TOWN_GUARDS_2_NAME,reviewed,
ITEM_LIBRARY_LEGENDARY_BLUEPRINT_NAME,reviewed,
MAIN_MENU_NAME_TOWN,reviewed,
MAGE_IMPROVEMENT_13_NAME,reviewed,
GOLD_SKILLED_LABOUR_4_NAME,reviewed,
HAPPINESS_A,reviewed,Cross-lang (DE/ZH/KO/JA/RU) đều nghĩa 'không có/không'; nhãn trạng thái hạnh phúc.
MARKET_IMPROVEMENT_4_DES,reviewed,
BU_LIBRARY_4_NAME,reviewed,
CHURCH_CHARITY,reviewed,
IRON_IMPROVEMENT_3_DES,reviewed,
BU_HOUSES_7_DES,reviewed,
BU_QUARRY_2_REWARD,reviewed,
RAT_NAME_PLURAL,reviewed,
OPTIONS_MENU_EDGE_SCROLLING,reviewed,
BU_GOLD_MINE_1_REWARD,reviewed,
OKAY_BUTTON,reviewed,
BU_MAGIC_1_DES,reviewed,
POLICY_FOREIGN_TAX_II_DESCRIPTION,reviewed,
POLICY_CHURCH_TITHES_DESCRIPTION,reviewed,
WOOD_IMPROVEMENT_12_DES,reviewed,
HUNTING_IMPROVEMENT_11_DES,reviewed,
UI_SCALE_OVERFLOW_WARNING,reviewed,
CUSTOM,reviewed,
BU_LUMBER_5_REWARD,reviewed,
LIBRARY_IMPROVEMENT_5_DES,reviewed,
BU_FARM_2_DES,reviewed,
FARM_IMPROVEMENT_6_NAME,reviewed,
MAIN_MENU_CONFIRM_OVERWRITE,reviewed,
CHURCH_IMPROVEMENT_11_NAME,reviewed,
BU_QUARRY_2_DES,reviewed,
DOCKS_IMPROVEMENT_2_DES,reviewed,
SHOP_ITME_COST_TITLE,reviewed,
ENEMY_RETREAT,reviewed,
BU_HUNTING_5_REWARD,reviewed,
STONE_IMPROVEMENT_11_DES,reviewed,
LOC_RENAME_MAYORS_HOUSE,reviewed,
BLACKSMITH_IMPROVEMENT_4_NAME,reviewed,
CARPENTER_IMPROVEMENT_2_DES,reviewed,
BU_NORTHERN_WALL_2_REWARD,reviewed,
FARM_SKILLED_LABOUR_1_DES,reviewed,
BU_HUNTING_3_NAME,reviewed,
BLACKSMITH_IMPROVEMENT_15_NAME,reviewed,
TOXIC_MUSHROOM_NAME_PLURAL,reviewed,
BU_LUMBER_5_DES,reviewed,
PER_SECOND,reviewed,
FARM_IMPROVEMENT_11_DES,reviewed,
STARVATION_LEVEL,reviewed,
ITEM_MAGIC_ENCHANT_ARMOUR_II_DESCRIPTION,reviewed,
BU_FARM_3_REWARD,reviewed,
ALCHEMIST_IMPROVEMENT_4_NAME,reviewed,
BU_FARM_2_NAME,reviewed,
SKELETON_NAME_PLURAL,reviewed,
GOLD_IMPROVEMENT_11_DES,reviewed,
DOCKS_IMPROVEMENT_4_NAME,reviewed,
VAMPIRIC_BAT_NAME,reviewed,
TRADE_DESTINATION_LABEL,reviewed,
BU_ROAD_1_NAME,reviewed,
BU_HOUSES_1_DES,reviewed,
OPTIONS_MENU_HOVER,reviewed,
GAME_OVER_RELOAD,reviewed,
ITEM_MAGIC_MANA_TAP_NAME,reviewed,
BU_ALCHEMIST_1_REWARD,reviewed,
✦ INSPIRED! ✦,reviewed,
GOLD_IMPROVEMENT_10_DES,reviewed,
GUARDS_IMPROVEMENT_7_DES,reviewed,
MAIN_MENU_OPTIONS,reviewed,
ALCHEMIST_IMPROVEMENT_8_DES,reviewed,
TAVERN_IMPROVEMENT_1_DES,reviewed,
BLACKSMITH_IMPROVEMENT_10_DES,reviewed,
ALCHEMIST_IMPROVEMENT_2_DES,reviewed,
FISHING_IMPROVEMENT_4_NAME,reviewed,
POLICY_CHURCH_ALMS_FOR_THE_POOR_ONGOING_COST,reviewed,
ITEM_LIBRARY_LEGENDARY_BLUEPRINT_DESCRIPTION,reviewed,
BU_LEATHER_1_NAME,reviewed,
HUNTING_SKILLED_LABOUR_4_NAME,reviewed,
MAGIC_IMPROVEMENT_12_DES,reviewed,
BU_SOUTHERN_WALL_3_NAME,reviewed,
GOLD_IMPROVEMENT_13_DES,reviewed,
NOTE_DEFENDERS_KILLED,reviewed,
GOLD_IMPROVEMENT_1_NAME,reviewed,
BU_FARM_1_NAME,reviewed,
BU_TOWN_SQUARE_5_REWARD,reviewed,
COOLDOWN_LABEL,reviewed,
GOLD_MINE,reviewed,
ITEM_MAGIC_ENCHANT_ARMOUR_II_NAME,reviewed,
BU_QUARRY_1_NAME,reviewed,
FARM_IMPROVEMENT_10_DES,reviewed,
BLACKSMITH_IMPROVEMENT_2_NAME,reviewed,
LIBRARY_IMPROVEMENT_3_NAME,reviewed,
OPTIONS_MENU_GAMEPLAY_SETTINGS,reviewed,
CREDITS_CORE_ART_ASSETS,reviewed,
CREDITS_A_GAME_BY,reviewed,
BU_HOUSES_1_REWARD,reviewed,
Global Items,reviewed,
FARM_IMPROVEMENT_2_NAME,reviewed,
DEBUFF_RECENT_STARVATION_2_DESCRIPTION,reviewed,
PLANT_NAME,reviewed,
DIF_LOW,reviewed,Thang cường độ 5 bậc; cross-lang thấp/dễ.
DIF_EXTREME,reviewed,Thang cường độ 5 bậc; ZH 'cực khó' khớp Extreme.
QUEST_OBJECTIVE34,reviewed,
GUARDS_IMPROVEMENT_11_NAME,reviewed,
UPG_BOOK_PAGE_TITLE_EDUCATION,reviewed,
WORKER_OVERVIEW,reviewed,
STONE_IMPROVEMENT_10_DES,reviewed,
FARM_IMPROVEMENT_5_DES,reviewed,
FARM_IMPROVEMENT_9_NAME,reviewed,
ACH_RESEARCH_BLUEPRINTS_NAME,reviewed,
CARPENTER_IMPROVEMENT_7_NAME,reviewed,
BU_KEEP_5_DES,reviewed,
ENEMY_CATEGORY_PLANT,reviewed,
FISHING_SKILLED_LABOUR_2_DES,reviewed,
%s to %s: Trading %s for %s,reviewed,
GOBLIN_RAIDER_NAME_PLURAL,reviewed,
Fishing Extras,reviewed,
ACH_FIRST_TRADE_DES,reviewed,
WORLD_MAP_DEMAND_NORMAL,reviewed,
BU_MAGIC_2_DES,reviewed,
KEEP_IMPROVEMENT_16_DES,reviewed,
BU_TAVERN_2_NAME,reviewed,
FISHING_IMPROVEMENT_5_NAME,reviewed,
CREDITS_DESIGN_CODE_ART_WRITING_PRODUCTION,reviewed,
FARM_SKILLED_LABOUR_3_NAME,reviewed,
BU_CARPENTER_2_DES,reviewed,
OPTIONS_MENU_MUSIC,reviewed,
BU_MAGIC_5_REWARD,reviewed,
ENEMY_CATEGORY_ORC,reviewed,
BU_CARPENTER_5_NAME,reviewed,
BU_IRON_MINE_4_DES,reviewed,
ACH_TRADE_20_NAME,reviewed,
SMALL_FOOD_BONUS,reviewed,
CHURCH_IMPROVEMENT_10_DES,reviewed,
BU_MAGIC_2_REWARD,reviewed,
IRON_SKILLED_LABOUR_1_DES,reviewed,
BLACKSMITH_IMPROVEMENT_20_DES,reviewed,
BU_LEATHER_1_REWARD,reviewed,
GOLD_IMPROVEMENT_5_NAME,reviewed,
SPORE_TYRANT_NAME_PLURAL,reviewed,
BU_NORTHERN_WALL_5_REWARD,reviewed,
FARM_IMPROVEMENT_7_NAME,reviewed,
LIBRARY_IMPROVEMENT_2_DES,reviewed,
Hunting Extras,reviewed,
BU_FISHING_3_DES,reviewed,
BU_BLACKSMITH_2_NAME,reviewed,
BU_MAGIC_1_REWARD,reviewed,
BU_HOUSES_1_NAME,reviewed,
MAGIC_IMPROVEMENT_1_DES,reviewed,
ACH_TRADE_20_DES,reviewed,
KEEP_IMPROVEMENT_8_NAME,reviewed,
ITEM_LIBRARY_MASTER_BLUEPRINT_NAME,reviewed,
DIFFICULTY_EASY,reviewed,
DEBUFF_RECENT_STARVATION_2_NAME,reviewed,
POLICY_CHURCH_COMMUNITY_OUTREACH_ONGOING_COST,reviewed,
LEATHER_IMPROVEMENT_7_DES,reviewed,
BU_ALCHEMIST_3_NAME,reviewed,
ALCHEMIST_IMPROVEMENT_3_NAME,reviewed,
FARM_IMPROVEMENT_17_NAME,reviewed,
FISHING_IMPROVEMENT_15_DES,reviewed,
IRON_SKILLED_LABOUR_4_NAME,reviewed,
BU_ALCHEMIST_1_NAME,reviewed,
BU_LIBRARY_5_DES,reviewed,
HARV_MAGIC,reviewed,
QUEST_OBJECTIVE29,reviewed,
QUEST_OBJECTIVE28,reviewed,
ASSIGNMENTS,reviewed,
GREATER_EYE_NAME,reviewed,
QUEST_OBJECTIVE25,reviewed,
QUEST_OBJECTIVE24,reviewed,
BU_FISHING_1_DES,reviewed,
QUEST_OBJECTIVE27,reviewed,
QUEST_OBJECTIVE26,reviewed,
QUEST_OBJECTIVE21,reviewed,
BU_SOUTHERN_WALL_4_NAME,reviewed,
BU_TOWN_SQUARE_6_NAME,reviewed,
QUEST_OBJECTIVE20,reviewed,
CHURCH_IMPROVEMENT_13_DES,reviewed,
QUEST_OBJECTIVE23,reviewed,
QUEST_OBJECTIVE22,reviewed,
DIFFICULTY_NORMAL_DESCRIPTION,reviewed,
FARM_IMPROVEMENT_18_NAME,reviewed,
ACH_POP_50_DES,reviewed,
SKELETON_NAME,reviewed,
LOC_RENAME_TAVERN,reviewed,
KEEP_IMPROVEMENT_6_DES,reviewed,
TAVERN_IMPROVEMENT_6_DES,reviewed,
BU_TOWN_SQUARE_10_NAME,reviewed,
LEATHER_IMPROVEMENT_3_DES,reviewed,
BU_TOWN_GUARDS_4_DES,reviewed,
BU_MARKET_3_REWARD,reviewed,
ALCHEMIST_IMPROVEMENT_8_NAME,reviewed,
CREDITS_ADDITIONAL_ART_ASSETS,reviewed,
IMMIGRATION,reviewed,
MOSQUITO_NAME_PLURAL,reviewed,
HUNTING_SKILLED_LABOUR_1_NAME,reviewed,
BU_ROAD_2_REWARD,reviewed,
LEATHER_IMPROVEMENT_11_NAME,reviewed,
BU_GOLD_MINE_5_DES,reviewed,
BU_TOWN_SQUARE_3_REWARD,reviewed,
FARM_IMPROVEMENT_17_DES,reviewed,
LEATHER_IMPROVEMENT_8_NAME,reviewed,
BLACKSMITH_IMPROVEMENT_9_DES,reviewed,
MAXIMUM_REACHED,reviewed,
BU_SWAMP_2_NAME,reviewed,
FARM_IMPROVEMENT_16_NAME,reviewed,
TRADE_SELL_LABEL,reviewed,
BU_SWAMP_3_NAME,reviewed,
ACH_BUILD_GOLD_MINE_NAME,reviewed,
BU_LEATHER_3_NAME,reviewed,
MAGE_IMPROVEMENT_2_NAME,reviewed,
MAGIC_SKILLED_LABOUR_1_DES,reviewed,
BU_NORTHERN_WALL_1_REWARD,reviewed,
BU_NORTHERN_WALL_3_REWARD,reviewed,
LOC_DOCKS,reviewed,
BU_ROAD_3_NAME,reviewed,
FISHING_IMPROVEMENT_15_NAME,reviewed,
WORLD_MAP_DEMAND_VERY_LOW,reviewed,
Inspiration,reviewed,
LOC_SWAMP,reviewed,
BANDIT_NAME_PLURAL,reviewed,
BU_LUMBER_2_DES,reviewed,
OPTIONS_MENU_WINDOWED,reviewed,
BLACKSMITH_IMPROVEMENT_14_DES,reviewed,
BU_TOWN_SQUARE_6_REWARD,reviewed,
NOTE_ENEMIES_KILLED,reviewed,
GOLD_IMPROVEMENT_5_DES,reviewed,
LIBRARY_IMPROVEMENT_9_DES,reviewed,
MAGIC_IMPROVEMENT_10_DES,reviewed,
BU_CARPENTER_5_DES,reviewed,
BU_BLACKSMITH_1_REWARD,reviewed,
QUEST_LOG_CONGRATULATIONS,reviewed,
TUTORIAL_17,reviewed,
TUTORIAL_16,reviewed,
FISHING_IMPROVEMENT_3_DES,reviewed,
TUTORIAL_15,reviewed,
BU_HOUSES_2_REWARD,reviewed,
TUTORIAL_14,reviewed,
TUTORIAL_13,reviewed,
TUTORIAL_12,reviewed,
TUTORIAL_11,reviewed,
TUTORIAL_10,reviewed,
FARM_IMPROVEMENT_3_NAME,reviewed,
DOCKS_IMPROVEMENT_3_NAME,reviewed,
BU_BLACKSMITH_1_NAME,reviewed,
FARM_IMPROVEMENT_15_NAME,reviewed,
LOC_BLACKSMITH,reviewed,
FISHING_IMPROVEMENT_10_NAME,reviewed,
TUTORIAL_19,reviewed,
TUTORIAL_18,reviewed,
BU_TAVERN_4_DES,reviewed,
STONE_IMPROVEMENT_15_DES,reviewed,
FISHING_IMPROVEMENT_12_NAME,reviewed,
LOC_RENAME_SWAMP,reviewed,
HUNTING_SKILLED_LABOUR_2_NAME,reviewed,
BU_IRON_MINE_3_DES,reviewed,
LEATHER_IMPROVEMENT_12_NAME,reviewed,
MAGIC_IMPROVEMENT_13_DES,reviewed,
MAGE_IMPROVEMENT_8_NAME,reviewed,
HUNTING_IMPROVEMENT_1_DES,reviewed,
BU_CARPENTER_2_REWARD,reviewed,
BLACKSMITH_IMPROVEMENT_2_DES,reviewed,
MAGE_IMPROVEMENT_10_DES,reviewed,
MAGE_IMPROVEMENT_12_DES,reviewed,
ITEM_LIBRARY_EXPERT_BLUEPRINT_DESCRIPTION,reviewed,
BREAKDOWN,reviewed,
BAT_NAME_PLURAL,reviewed,
FISHING_SKILLED_LABOUR_5_NAME,reviewed,
THORNED_PLANT_NAME,reviewed,
ITEM_ALCHEMIST_STONE_BREAKING_POWDER_DESCRIPTION,reviewed,
GAME_MENU_CURRENT_PLAYTIME,reviewed,
ACH_BUILD_KEEP_NAME,reviewed,
IRON_IMPROVEMENT_6_DES,reviewed,
LOC_RENAME_DOCKS,reviewed,
Wood Extras,reviewed,
MAGE_IMPROVEMENT_4_NAME,reviewed,
BU_LIBRARY_3_REWARD,reviewed,
CHURCH_IMPROVEMENT_3_NAME,reviewed,
CHURCH_IMPROVEMENT_8_NAME,reviewed,
ITEM_CHURCH_HEAVENS_BLESSING_DESCRIPTION,reviewed,
BLACKSMITH_IMPROVEMENT_11_DES,reviewed,
POLICY_FOREIGN_TAX_I_NAME,reviewed,
OPTIONS_MENU_AMBIENT,reviewed,
BU_TOWN_SQUARE_2_REWARD,reviewed,
FISHING_IMPROVEMENT_2_NAME,reviewed,
Global Extras A,reviewed,
MAGE_IMPROVEMENT_1_NAME,reviewed,
BU_LUMBER_5_NAME,reviewed,
BU_KEEP_3_DES,reviewed,
BU_FISHING_4_DES,reviewed,
BU_ROAD_4_REWARD,reviewed,
GREATER_EYE_NAME_PLURAL,reviewed,
GUARDS_IMPROVEMENT_12_DES,reviewed,
HUNTING_IMPROVEMENT_4_DES,reviewed,
FISHING_IMPROVEMENT_14_NAME,reviewed,
HUNTING_IMPROVEMENT_15_NAME,reviewed,
FISHING,reviewed,
DOCKS_IMPROVEMENT_5_DES,reviewed,
DELETE_SAVE,reviewed,
UNAVAILABLE_IN_DEMO,reviewed,
BU_NORTHERN_WALL_1_NAME,reviewed,
ACH_BUILD_HOME_DES,reviewed,
BI_EXPEDITION,reviewed,
TUTORIAL_22,reviewed,
TUTORIAL_23,reviewed,
TUTORIAL_20,reviewed,
ACH_SET_UP_CAMP_NAME,reviewed,
TUTORIAL_21,reviewed,
TUTORIAL_24,reviewed,
ANCIENT_EVIL,reviewed,
GOLD_IMPROVEMENT_15_NAME,reviewed,
LOC_FISHING,reviewed,
HUNTING_IMPROVEMENT_10_DES,reviewed,
FISHING_SKILLED_LABOUR_3_NAME,reviewed,
TAVERN_IMPROVEMENT_6_NAME,reviewed,
BU_CHURCH_3_NAME,reviewed,
QUEST_WARNING_TEXT,reviewed,
CHURCH_IMPROVEMENT_8_DES,reviewed,
GUARDS_IMPROVEMENT_8_DES,reviewed,
DIF_TRIVIAL,reviewed,"Thang cường độ 5 bậc; DE/JA thiên độ khó/casual, dịch theo EN."
BU_HOUSES_4_DES,reviewed,
CHURCH_IMPROVEMENT_7_DES,reviewed,
ALCHEMIST_IMPROVEMENT_1_NAME,reviewed,
BLUEPRINT_TOOLTIP_ADVANCED,reviewed,
BU_HOUSES_2_NAME,reviewed,
FISHING_IMPROVEMENT_3_NAME,reviewed,
GAME_OVER_TEXT,reviewed,
BU_TAVERN_1_NAME,reviewed,
UPG_BOOK_PAGE_TITLE_TOWN_GUARDS,reviewed,
BU_CARPENTER_3_DES,reviewed,
CREDITS_PLAYTESTERS_DESC,reviewed,
BU_WAREHOUSE_1_DES,reviewed,
INSUFFICIENT,reviewed,
BU_MAGIC_5_DES,reviewed,
IRON_SKILLED_LABOUR_1_NAME,reviewed,
HUNTING_SKILLED_LABOUR_2_DES,reviewed,
BU_HOUSES_3_NAME,reviewed,
IRON_IMPROVEMENT_11_DES,reviewed,
QUARRY_SKILLED_LABOUR_2_DES,reviewed,
BU_MAGIC_4_REWARD,reviewed,
BLUEPRINT_TOOLTIP_EXPERT,reviewed,
Base,reviewed,
ITEM_CALL_TO_ARMS_NAME,reviewed,
STONE_IMPROVEMENT_18_DES,reviewed,
IRON_IMPROVEMENT_5_NAME,reviewed,
BU_LIBRARY_1_NAME,reviewed,
GOLD_IMPROVEMENT_1_DES,reviewed,
CHURCH_IMPROVEMENT_12_NAME,reviewed,
KEEP_IMPROVEMENT_2_NAME,reviewed,
CHURCH_IMPROVEMENT_14_DES,reviewed,
STONE_IMPROVEMENT_1_DES,reviewed,
QUANTITY_A_PACK_OF,reviewed,
MAGE_IMPROVEMENT_5_DES,reviewed,
ANCIENT_TREANT_NAME_PLURAL,reviewed,
BU_HOUSES_3_REWARD,reviewed,
GOLD_IMPROVEMENT_12_NAME,reviewed,
POLICY_KEEP_LOW_TAXES_NAME,reviewed,
MAGE_IMPROVEMENT_15_DES,reviewed,
LOC_CLIFF,reviewed,
MARKET_IMPROVEMENT_4_NAME,reviewed,
HUNTING_IMPROVEMENT_14_DES,reviewed,
BU_SWAMP_1_DES,reviewed,
BU_TAVERN_4_NAME,reviewed,
BU_TOWN_GUARDS_2_DES,reviewed,
BU_FISHING_6_NAME,reviewed,
STONE_IMPROVEMENT_12_DES,reviewed,
GOLD_IMPROVEMENT_3_NAME,reviewed,
MAGIC_SKILLED_LABOUR_2_DES,reviewed,
BLACKSMITH_IMPROVEMENT_20_NAME,reviewed,
KEEP_IMPROVEMENT_16_NAME,reviewed,
BU_HOUSES_4_NAME,reviewed,
CARPENTER_IMPROVEMENT_10_NAME,reviewed,
BU_HOUSES_7_NAME,reviewed,
CREDITS_PLAYTESTING,reviewed,
BU_BLACKSMITH_1_DES,reviewed,
KEEP_IMPROVEMENT_14_DES,reviewed,
GOLD_IMPROVEMENT_9_NAME,reviewed,
CREDITS_SPECIAL_THANKS,reviewed,
DEBUFF_ANCIENT_EVIL_NAME,reviewed,
BU_TOWN_SQUARE_2_NAME,reviewed,
MAGE_IMPROVEMENT_18_NAME,reviewed,
ALCHEMIST_IMPROVEMENT_6_NAME,reviewed,
BU_TOWN_SQUARE_8_DES,reviewed,
ENEMY_ARMY,reviewed,
BU_FISHING_5_REWARD,reviewed,
FISHING_IMPROVEMENT_10_DES,reviewed,
QUEST_LOG_VIEW_DETAILS,reviewed,
BU_WAREHOUSE_4_REWARD,reviewed,
FARM_IMPROVEMENT_16_DES,reviewed,
MAGIC_IMPROVEMENT_13_NAME,reviewed,
ALCHEMIST_IMPROVEMENT_3_DES,reviewed,
GIANT_MOSQUITO_NAME_PLURAL,reviewed,
CARPENTER_IMPROVEMENT_8_NAME,reviewed,
MILITARY_UPKEEP,reviewed,
QUEST_LOG_ALL_QUESTS_COMPLETED,reviewed,
ACH_NO_ASHENHOLT_TRADE_NAME,reviewed,
GOLD_IMPROVEMENT_4_NAME,reviewed,
BU_QUARRY_1_REWARD,reviewed,
FARM_IMPROVEMENT_8_NAME,reviewed,
BU_MARKET_4_REWARD,reviewed,
NOTE_RESEARCH_UNLOCKED,reviewed,
ZOMBIE_NAME,reviewed,
FISHING_IMPROVEMENT_6_NAME,reviewed,
ITEM_CHURCH_BLESSING_OF_PROTECTION_DESCRIPTION,reviewed,
ITEM_MAGIC_STABLE_PORTAL_DESCRIPTION,reviewed,
BLACKSMITH_IMPROVEMENT_17_NAME,reviewed,
CHURCH_IMPROVEMENT_14_NAME,reviewed,
CHURCH_IMPROVEMENT_6_NAME,reviewed,
BU_HOUSES_4_REWARD,reviewed,
ORC_NAME_PLURAL,reviewed,
NOTE_TRADE_DES,reviewed,
QUEST_DESCRIPTION10A,reviewed,
MAGE_IMPROVEMENT_2_DES,reviewed,
Research,reviewed,
QUEST_DESCRIPTION10B,reviewed,
KEEP_IMPROVEMENT_10_NAME,reviewed,
IMMIGRATION_POLICY_GROWTH,reviewed,
TOTAL,reviewed,
TABLE_OF_CONTENTS,reviewed,
BLACKSMITH_IMPROVEMENT_12_DES,reviewed,
BU_HUNTING_4_NAME,reviewed,
ACH_DEFEAT_ASHENHOLT_NAME,reviewed,
HUNTING_SKILLED_LABOUR_3_DES,reviewed,
CARPENTER_IMPROVEMENT_3_NAME,reviewed,
FARM_SKILLED_LABOUR_2_DES,reviewed,
MAGE_IMPROVEMENT_18_DES,reviewed,
MAIN_MENU_CONTINUE,reviewed,
DEBUFF_ANCIENT_EVIL_DESCRIPTION,reviewed,
MARKET_IMPROVEMENT_11_DES,reviewed,
MAIN_MENU_INCOMPATIBLE_SAVE_LABEL,reviewed,
TRADE_BUY_LABEL,reviewed,
MAGIC_SKILLED_LABOUR_4_NAME,reviewed,
BU_CARPENTER_1_NAME,reviewed,
BU_CARPENTER_2_NAME,reviewed,
FISHING_IMPROVEMENT_8_DES,reviewed,
CHURCH_IMPROVEMENT_5_DES,reviewed,
MAGIC_IMPROVEMENT_4_DES,reviewed,
BU_HOUSES_5_DES,reviewed,
IRON_SKILLED_LABOUR_2_NAME,reviewed,
BLACKSMITH_IMPROVEMENT_5_NAME,reviewed,
POLICY_KEEP_LOW_TAXES_DESCRIPTION,reviewed,
BU_TOWN_GUARDS_3_REWARD,reviewed,
BU_CHURCH_2_DES,reviewed,
BU_LEATHER_4_NAME,reviewed,
HUNTING_IMPROVEMENT_14_NAME,reviewed,
LEATHER_IMPROVEMENT_11_DES,reviewed,
ACH_BUILD_GOLD_MINE_DES,reviewed,
BI_POLICY,reviewed,
FARM,reviewed,
TAX_BREAK,reviewed,
ITEM_ALCHEMIST_HEALING_POTIONS_DESCRIPTION,reviewed,
POLICY_CHURCH_ALMS_FOR_THE_POOR_NAME,reviewed,
BU_ROAD_1_DES,reviewed,
FARM_SKILLED_LABOUR_3_DES,reviewed,
ALCHEMIST_IMPROVEMENT_11_NAME,reviewed,
MAGE_IMPROVEMENT_1_DES,reviewed,
QUEST_WARNING_RETURN,reviewed,
KEEP_IMPROVEMENT_6_NAME,reviewed,
ACH_COMPLETE_CHALLENGING_NAME,reviewed,
TRADE_CARAVAN_SIZE_LABEL,reviewed,
Efficiency,reviewed,
BLACKSMITH_IMPROVEMENT_11_NAME,reviewed,
MILITARY_UPKEEP_COST_PER_SOLDIER,reviewed,
GUARDS_IMPROVEMENT_1_DES,reviewed,
BU_LUMBER_2_REWARD,reviewed,
NEW_PEOPLE,reviewed,
BU_FARM_4_REWARD,reviewed,
ACH_COMPLETE_GENTLE_NAME,reviewed,
LOC_FARM,reviewed,
MAIN_MENU_LOAD_GAME,reviewed,
NOTE_BATTLE_SUMMARY,reviewed,
ENEMY_THREAT,reviewed,
POLICY_KEEP_MEDIUM_TAXES_DESCRIPTION,reviewed,
MAGIC_IMPROVEMENT_15_DES,reviewed,
RED_SOLDIER_NAME,reviewed,
NOTIFICATION_POPULATION_STARVING,reviewed,
BU_TOWN_SQUARE_9_REWARD,reviewed,
BLACKSMITH_IMPROVEMENT_14_NAME,reviewed,
CHURCH_IMPROVEMENT_3_DES,reviewed,
QUEST_OBJECTIVE10A,reviewed,
QUEST_OBJECTIVE10B,reviewed,
DOCKS_IMPROVEMENT_5_NAME,reviewed,
BU_KEEP_5_NAME,reviewed,
BU_LEATHER_3_DES,reviewed,
BU_TOWN_SQUARE_9_NAME,reviewed,
OPTIONS_MENU_VSYNC,reviewed,
MILITARY_TOTAL_MILITARY_STRENGTH,reviewed,
WOOD_IMPROVEMENT_15_DES,reviewed,
BU_ROAD_1_REWARD,reviewed,
BU_BLACKSMITH_4_DES,reviewed,
FISHING_IMPROVEMENT_7_NAME,reviewed,
HUNTING,reviewed,
MAGE_IMPROVEMENT_13_DES,reviewed,
DEBUFF_RECENT_STARVATION_4_NAME,reviewed,
THORNED_PLANT_NAME_PLURAL,reviewed,
CHURCH_IMPROVEMENT_4_NAME,reviewed,
BU_LUMBER_4_NAME,reviewed,
BU_DOCKS_2_DES,reviewed,
BU_TOWN_GUARDS_1_DES,reviewed,
SHOP_ITEM_SUFFIX,reviewed,
FISHING_IMPROVEMENT_13_DES,reviewed,
LEATHER_IMPROVEMENT_2_DES,reviewed,
LOC_ROAD,reviewed,
BU_TOWN_SQUARE_8_NAME,reviewed,
BU_FISHING_5_DES,reviewed,
MAGE_IMPROVEMENT_10_NAME,reviewed,
HUNTING_IMPROVEMENT_9_DES,reviewed,
QUEST_WARNING_PROCEED,reviewed,
MARKET_IMPROVEMENT_14_NAME,reviewed,
SECONDS,reviewed,
MOSQUITO_NAME,reviewed,
GUARDS_IMPROVEMENT_4_DES,reviewed,
FISHING_IMPROVEMENT_6_DES,reviewed,
IRON_IMPROVEMENT_1_NAME,reviewed,
TAVERN_IMPROVEMENT_10_DES,reviewed,
BU_TAVERN_3_NAME,reviewed,
POLICY_KEEP_HIGH_TAXES_NAME,reviewed,
BUILD_MENU_REWARD,reviewed,
MARKET_IMPROVEMENT_8_NAME,reviewed,
DIF_MODERATE,reviewed,EN Moderate; ZH/KO ghi 'trung bình/quy mô vừa' — giữ nhãn cường độ trung tính.
HUNTING_IMPROVEMENT_5_DES,reviewed,
BU_SOUTHERN_WALL_3_REWARD,reviewed,
IRON_IMPROVEMENT_12_NAME,reviewed,
BU_SOUTHERN_WALL_2_REWARD,reviewed,
SANITATION,reviewed,
MARKET_IMPROVEMENT_13_NAME,reviewed,
LEATHER_IMPROVEMENT_6_DES,reviewed,
BU_NORTHERN_WALL_1_DES,reviewed,
GUARDS_IMPROVEMENT_3_DES,reviewed,
MAGIC_SKILLED_LABOUR_3_DES,reviewed,
MARKET_IMPROVEMENT_1_NAME,reviewed,
%d seconds (original %d),reviewed,
GOLD_IMPROVEMENT_6_NAME,reviewed,
BU_CHURCH_5_NAME,reviewed,
LOC_SOUTHERN_WALL,reviewed,
POLICY_CHURCH_SOCIAL_WELFARE_NAME,reviewed,
FARM_IMPROVEMENT_2_DES,reviewed,
LEATHER_IMPROVEMENT_1_NAME,reviewed,
CREDITS_MADE_WITH,reviewed,
LIBRARY_IMPROVEMENT_4_DES,reviewed,
FARM_IMPROVEMENT_13_DES,reviewed,
BU_SOUTHERN_WALL_1_NAME,reviewed,
CREDITS_SOUND_AND_MUSIC,reviewed,
HOTKEY_LABEL_TRAVEL,reviewed,
RED_SOLDIER_NAME_PLURAL,reviewed,
BLACKSMITH_IMPROVEMENT_17_DES,reviewed,
LEATHER_IMPROVEMENT_13_DES,reviewed,
Select options to see cost.,reviewed,
GROWTH_MEDIUM,reviewed,
BU_LIBRARY_3_NAME,reviewed,
GUARDS_IMPROVEMENT_14_NAME,reviewed,
HARV_IRON,reviewed,
CHURCH_IMPROVEMENT_4_DES,reviewed,
QUEST_NEXT,reviewed,
MAGIC_IMPROVEMENT_10_NAME,reviewed,
ENEMY_CATEGORY_ANIMAL,reviewed,
GUARDS_IMPROVEMENT_15_NAME,reviewed,
WORLD_MAP_DEMAND_HIGH,reviewed,
FARMS,reviewed,
DIFFICULTY_VERY_HARD_DESCRIPTION,reviewed,
TAXES_TITHES,reviewed,
BU_TOWN_SQUARE_10_DES,reviewed,
GOLD_IMPROVEMENT_10_NAME,reviewed,
QUEST_DESCRIPTION31A,reviewed,
BU_BLACKSMITH_2_REWARD,reviewed,
MAGIC_IMPROVEMENT_3_DES,reviewed,
QUEST_DESCRIPTION31B,reviewed,
QUEST_LOG_REQ_CHURCH_LEVEL,reviewed,
FARM_IMPROVEMENT_6_DES,reviewed,
GOLD_IMPROVEMENT_4_DES,reviewed,
BU_IRON_MINE_3_NAME,reviewed,
BU_NORTHERN_WALL_5_DES,reviewed,
FISHING_IMPROVEMENT_13_NAME,reviewed,
ALCHEMIST_IMPROVEMENT_4_DES,reviewed,
HUNTING_IMPROVEMENT_7_NAME,reviewed,
GOLD_IMPROVEMENT_2_NAME,reviewed,
BU_SWAMP_3_REWARD,reviewed,
MAGIC_IMPROVEMENT_11_NAME,reviewed,
BU_HUNTING_2_REWARD,reviewed,
BU_MARKET_4_DES,reviewed,
HUNTING_IMPROVEMENT_6_NAME,reviewed,
FOOD,reviewed,
CONFIRM_DIFFICUTLY_CHANGE,reviewed,
BU_MAGIC_1_NAME,reviewed,
FARM_IMPROVEMENT_13_NAME,reviewed,
BU_GOLD_MINE_1_DES,reviewed,
UPG_BOOK_ALREADY_PURCHASED,reviewed,
DIRE_BAT_NAME_PLURAL,reviewed,
ASHENHOLT,reviewed,
PLAGUE_RAT_NAME_PLURAL,reviewed,
BU_MARKET_2_NAME,reviewed,
ORC_WARRIOR_NAME_PLURAL,reviewed,
PLAGUE_MOSQUITO_NAME,reviewed,
DEBUFF_RECENT_STARVATION_1_NAME,reviewed,
SPIRIT_OF_JUSTICE_NAME,reviewed,
QUARRY_SKILLED_LABOUR_3_DES,reviewed,
CARPENTER_IMPROVEMENT_7_DES,reviewed,
LIBRARY_IMPROVEMENT_3_DES,reviewed,
UPG_BOOK_PAGE_TITLE_DOCKS,reviewed,
BU_ALCHEMIST_2_REWARD,reviewed,
GOBLIN_RAIDER_NAME,reviewed,
BU_IRON_MINE_1_NAME,reviewed,
BU_TAVERN_2_REWARD,reviewed,
ENEMY_CATEGORY_UNDEAD,reviewed,
END_DEFEAT_COUNT,reviewed,
%d seconds,reviewed,
HARV_FISH,reviewed,
TRADE_QUALITY_SUPERIOR,reviewed,
UPG_BOOK_PAGE_TITLE_FISHING,reviewed,
OPTIONS_MENU_SFX,reviewed,
BU_HUNTING_2_NAME,reviewed,
BU_MAGIC_2_NAME,reviewed,
ORC_BERSERKER_NAME_PLURAL,reviewed,
WOOD_SKILLED_LABOUR_1_DES,reviewed,
PRODUCTION_BONUS,reviewed,
BU_FARM_5_DES,reviewed,
BU_ROAD_2_DES,reviewed,
ACH_BUILD_HOME_NAME,reviewed,
GOLD_SKILLED_LABOUR_2_DES,reviewed,
ACH_COMPLETE_STEADY_NAME,reviewed,
SPARE_WORKERS,reviewed,
ALCHEMIST,reviewed,
WORLD_MAP_NO_RESOURCE_DEMANDS,reviewed,
BU_QUARRY_2_NAME,reviewed,
BU_KEEP_3_REWARD,reviewed,
BU_LEATHER_2_REWARD,reviewed,
KEEP_IMPROVEMENT_5_DES,reviewed,
BU_TAVERN_3_REWARD,reviewed,
DOCKS_IMPROVEMENT_2_NAME,reviewed,
STONE_IMPROVEMENT_9_DES,reviewed,
BU_DOCKS_2_REWARD,reviewed,
HUNTING_IMPROVEMENT_1_NAME,reviewed,
NOTIFICATION_POLICY_DEACTIVATED,reviewed,
TRADE_QUALITY_STANDARD,reviewed,
BU_ROAD_5_NAME,reviewed,
WOOD_IMPROVEMENT_4_DES,reviewed,
LIBRARY_IMPROVEMENT_1_DES,reviewed,
CHURCH,reviewed,
BU_FISHING_3_NAME,reviewed,
HUNTING_IMPROVEMENT_7_DES,reviewed,
LOC_ALCHEMIST,reviewed,
OPTIONS_EXCLUSIVE_FULLSCREEN,reviewed,
QUEST_LOG_REQ_SPARE_SHIP,reviewed,
GOLD_SKILLED_LABOUR_5_NAME,reviewed,
MAGIC_SKILLED_LABOUR_1_NAME,reviewed,
CRIMSONVALE,reviewed,
LEATHER_IMPROVEMENT_9_DES,reviewed,
HARV_STONE,reviewed,
BLACKSMITH_IMPROVEMENT_16_DES,reviewed,
QUEST_DESCRIPTION30B,reviewed,
MILITARY_CONSCRIPTION_PERCENTAGE,reviewed,
QUEST_DESCRIPTION30A,reviewed,
SHOP_MENU_SUFFIX,reviewed,
BU_LIBRARY_2_REWARD,reviewed,
BU_GOLD_MINE_2_DES,reviewed,
BU_TOWN_GUARDS_3_DES,reviewed,
BU_BLACKSMITH_3_REWARD,reviewed,
BU_QUARRY_3_NAME,reviewed,
BLACKSMITH_IMPROVEMENT_3_NAME,reviewed,
QUEST_LOG_CLOSE,reviewed,
NOTE_DAMAGED_RESOURCES,reviewed,
NOTE_TRADE_COST,reviewed,
END_CREDIT_TEXT,reviewed,
NOTE_BATTLE_REWARDS,reviewed,
Total Consumption,reviewed,
WORKER_TEAMS,reviewed,
LOC_LEATHER,reviewed,
BU_ALCHEMIST_4_DES,reviewed,
BU_KEEP_1_NAME,reviewed,
STONE_IMPROVEMENT_6_DES,reviewed,
STONE_IMPROVEMENT_17_DES,reviewed,
SPIRIT_OF_JUSTICE_DESCRIPTION,reviewed,
LIBRARY_IMPROVEMENT_2_NAME,reviewed,
BU_CHURCH_3_DES,reviewed,
GOLD_IMPROVEMENT_2_DES,reviewed,
WORLD_MAP_DEMAND_LOW,reviewed,
MAGE_IMPROVEMENT_19_DES,reviewed,
SHOP_ITEM_REWARD_TITLE,reviewed,
ITEM_CHURCH_PRAYERS_OF_INTERCESSION_DESCRIPTION,reviewed,
OPTIONS_MENU_LANGUAGE,reviewed,
KEEP_IMPROVEMENT_11_DES,reviewed,
LOC_NORTHERN_WALL,reviewed,
MARKET_IMPROVEMENT_6_DES,reviewed,
MUSHROOM_NAME,reviewed,
BU_TOWN_SQUARE_1_NAME,reviewed,
MAGE_IMPROVEMENT_3_DES,reviewed,
TOTAL_UPKEEP,reviewed,
BU_TOWN_SQUARE_6_DES,reviewed,
POPULATION_GROWTH,reviewed,
BLACKSMITH_IMPROVEMENT_9_NAME,reviewed,
UPG_BOOK_PAGE_TITLE_SWAMP,reviewed,
FARM_IMPROVEMENT_14_DES,reviewed,
BU_LUMBER_4_REWARD,reviewed,
GROWTH_NONE,reviewed,
HUNTING_IMPROVEMENT_5_NAME,reviewed,
Global Multiplier X,reviewed,
MAGE_IMPROVEMENT_12_NAME,reviewed,
HUNTING_SKILLED_LABOUR_5_NAME,reviewed,
ACH_SET_UP_CAMP_DES,reviewed,
ACH_UNLOCK_MAGIC_SWAMP_DES,reviewed,
KEEP_IMPROVEMENT_4_DES,reviewed,
RUBESCAIRN,reviewed,
WOOD_IMPROVEMENT_1_DES,reviewed,
BU_ROAD_4_NAME,reviewed,
UPG_BOOK_LEVEL,reviewed,
BU_FISHING_2_DES,reviewed,
BLUEPRINT_SOURCE_UPGRADE,reviewed,
BU_HUNTING_1_REWARD,reviewed,
BU_QUARRY_4_REWARD,reviewed,
ENEMY_CATEGORY_DEMON,reviewed,
BU_IRON_MINE_2_DES,reviewed,
BU_LUMBER_4_DES,reviewed,
IRON_IMPROVEMENT_4_NAME,reviewed,
ITEM_ALCHEMIST_HEALING_POTIONS_NAME,reviewed,
GOLD_IMPROVEMENT_7_NAME,reviewed,
BU_SWAMP_5_DES,reviewed,
GOLD_SKILLED_LABOUR_3_DES,reviewed,
ENEMY_CATEGORY_UNKNOWN,reviewed,
BU_IRON_MINE_2_REWARD,reviewed,
STONE_IMPROVEMENT_3_DES,reviewed,
LOC_HOUSES,reviewed,
BU_DOCKS_2_NAME,reviewed,
ALCHEMIST_IMPROVEMENT_5_DES,reviewed,
GUARDS_IMPROVEMENT_12_NAME,reviewed,
TAVERN,reviewed,
LOC_RENAME_TOWN_SQUARE,reviewed,
IRON_IMPROVEMENT_10_NAME,reviewed,
GAME_OVER_EXIT,reviewed,
SKELETON_WARRIOR_NAME_PLURAL,reviewed,
BU_HOUSES_5_REWARD,reviewed,
KEEP_IMPROVEMENT_17_DES,reviewed,
ACH_STONE_WALLS_NAME,reviewed,
MAGIC,reviewed,
BLACKSMITH_IMPROVEMENT_19_DES,reviewed,
ACH_FIRST_ENEMY_DES,reviewed,
HUNTING_IMPROVEMENT_13_DES,reviewed,
GOLD_IMPROVEMENT_14_DES,reviewed,
IRON_SKILLED_LABOUR_5_NAME,reviewed,
ACH_COMPLETE_INTENSE_NAME,reviewed,
MAGE_IMPROVEMENT_7_NAME,reviewed,
ADVANCE_QUESTS_TO_UNLOCK,reviewed,
BU_LIBRARY_4_REWARD,reviewed,
OPTIONS_MENU_DISPLAY_SETTINGS,reviewed,
GUARDS_IMPROVEMENT_1_NAME,reviewed,
BU_MARKET_3_DES,reviewed,
BU_ROAD_2_NAME,reviewed,
CARPENTER_IMPROVEMENT_8_DES,reviewed,
BU_WAREHOUSE_4_DES,reviewed,
LOC_HUNTING,reviewed,
QUEST_DESCRIPTION17,reviewed,
TAVERN_IMPROVEMENT_8_NAME,reviewed,
QUEST_DESCRIPTION16,reviewed,
CHURCH_IMPROVEMENT_1_DES,reviewed,
QUEST_DESCRIPTION15,reviewed,
GAME_MENU_EXIT_WITHOUT_SAVE,reviewed,
QUEST_DESCRIPTION14,reviewed,
QUEST_DESCRIPTION13,reviewed,
QUEST_DESCRIPTION12,reviewed,
QUEST_DESCRIPTION11,reviewed,
CORRUPTED_BANDIT_NAME_PLURAL,reviewed,
KEEP_IMPROVEMENT_5_NAME,reviewed,
BU_QUARRY_1_DES,reviewed,
QUEST_DESCRIPTION19,reviewed,
QUEST_DESCRIPTION18,reviewed,
MAIN_MENU_NEW_GAME,reviewed,
Global Extras,reviewed,
HUNTING_SKILLED_LABOUR_4_DES,reviewed,
LOC_TAVERN,reviewed,
HARV_WORKERS,reviewed,
QUEST_ACCEPT,reviewed,
STONE_IMPROVEMENT_12_NAME,reviewed,
ANCIENT_SKELETON_NAME,reviewed,
MAGIC_IMPROVEMENT_4_NAME,reviewed,
TRADE_QUALITY_PREMIUM,reviewed,
TRADE_CARAVAN_SIZE_MODERATE,reviewed,
FARM_IMPROVEMENT_5_NAME,reviewed,
BU_QUARRY_4_DES,reviewed,
HUNTING_IMPROVEMENT_3_NAME,reviewed,
POLICY_FOREIGN_TAX_I_DESCRIPTION,reviewed,
QUEST_DESCRIPTION1B,reviewed,
QUEST_DESCRIPTION1A,reviewed,
ACH_NO_ASHENHOLT_TRADE_DES,reviewed,
AMENITIES,reviewed,
GOLD_SKILLED_LABOUR_3_NAME,reviewed,
POLICY_RECRUIT_IMMIGRANT_WORKERS_III_NAME,reviewed,
POLICY_RECRUIT_IMMIGRANT_WORKERS_III_DESCRIPTION,reviewed,
BU_LIBRARY_5_REWARD,reviewed,
IRON_IMPROVEMENT_1_DES,reviewed,
QUARRY_SKILLED_LABOUR_1_NAME,reviewed,
HUNTING_SKILLED_LABOUR_3_NAME,reviewed,
BU_CARPENTER_3_REWARD,reviewed,
QUANTITY_ZOUNDS_OF,reviewed,
HUNTING_IMPROVEMENT_17_DES,reviewed,
STONE_IMPROVEMENT_7_DES,reviewed,
WOOD_SKILLED_LABOUR_2_DES,reviewed,
GUARDS_IMPROVEMENT_9_NAME,reviewed,
DEBUFF_RECENT_STARVATION_3_DESCRIPTION,reviewed,
BU_FISHING_1_REWARD,reviewed,
IRON_SKILLED_LABOUR_2_DES,reviewed,
BU_LIBRARY_4_DES,reviewed,
DEBUFF_RECENT_STARVATION_3_NAME,reviewed,
HUNTING_IMPROVEMENT_3_DES,reviewed,
LIBRARY_IMPROVEMENT_7_DES,reviewed,
MILITARY_TOTAL_UPKEEP_COST,reviewed,
BU_LUMBER_1_NAME,reviewed,
QUEST_DESCRIPTION33B,reviewed,
GUARDS_IMPROVEMENT_8_NAME,reviewed,
QUEST_DESCRIPTION33A,reviewed,
FARM_IMPROVEMENT_1_DES,reviewed,
BU_GOLD_MINE_2_NAME,reviewed,
QUANTITY_A_FEW,reviewed,
QUEST_LOG_READY_TO_COMPLETE,reviewed,
HUNTING_IMPROVEMENT_18_NAME,reviewed,
DOCKS_IMPROVEMENT_7_DES,reviewed,
CHURCH_IMPROVEMENT_9_NAME,reviewed,
QUEST_DESCRIPTION28,reviewed,
QUEST_DESCRIPTION29,reviewed,
BU_ROAD_5_DES,reviewed,
GOLD_IMPROVEMENT_13_NAME,reviewed,
SNIKTCRAG,reviewed,
QUEST_DESCRIPTION22,reviewed,
QUEST_DESCRIPTION23,reviewed,
DOCKS_IMPROVEMENT_1_NAME,reviewed,
TAVERN_IMPROVEMENT_2_NAME,reviewed,
QUEST_DESCRIPTION20,reviewed,
QUEST_DESCRIPTION21,reviewed,
QUEST_DESCRIPTION26,reviewed,
QUEST_DESCRIPTION27,reviewed,
QUEST_DESCRIPTION24,reviewed,
QUEST_DESCRIPTION25,reviewed,
BU_TAVERN_1_REWARD,reviewed,
CHURCH_IMPROVEMENT_11_DES,reviewed,
BU_KEEP_4_DES,reviewed,
IRON_IMPROVEMENT_6_NAME,reviewed,
WOOD_IMPROVEMENT_8_DES,reviewed,
MAGIC_SKILLED_LABOUR_5_NAME,reviewed,
IRON,reviewed,
STONE_IMPROVEMENT_10_NAME,reviewed,
HUNTING_IMPROVEMENT_17_NAME,reviewed,
GOBLIN_WARRIOR_NAME,reviewed,
GUARDS_IMPROVEMENT_2_DES,reviewed,
WORLD_MAP_DEMAND_INCREASED,reviewed,
ITEM_CHURCH_DIVINE_INTERVENTION_NAME,reviewed,
IRON_SKILLED_LABOUR_3_NAME,reviewed,
TOXIC_MUSHROOM_NAME,reviewed,
RAT_NAME,reviewed,
BATTLE,reviewed,
FARM_SKILLED_LABOUR_4_DES,reviewed,
BU_FISHING_3_REWARD,reviewed,
BU_LEATHER_2_NAME,reviewed,
MILITARY_COST_PER_SOLDIER,reviewed,
SANITATION_MULTIPLIER,reviewed,
TAVERN_IMPROVEMENT_5_NAME,reviewed,
BU_MARKET_5_REWARD,reviewed,
ROTTEN_ZOMBIE_NAME,reviewed,
MINIMUM_REACHED,reviewed,
POLICY_CHURCH_SOUP_KITCHEN_NAME,reviewed,
IRON_IMPROVEMENT_15_NAME,reviewed,
WOOD_IMPROVEMENT_10_DES,reviewed,
GOLD_IMPROVEMENT_7_DES,reviewed,
MORE,reviewed,
CHURCH_IMPROVEMENT_2_DES,reviewed,
MAGE_IMPROVEMENT_8_DES,reviewed,
TAX,reviewed,
GUARDS_IMPROVEMENT_7_NAME,reviewed,
FISHING_IMPROVEMENT_1_DES,reviewed,
BU_CHURCH_1_NAME,reviewed,
BU_ALCHEMIST_3_DES,reviewed,
Global Education,reviewed,
BU_GOLD_MINE_4_REWARD,reviewed,
GAME_OVER_TITLE,reviewed,
STONE_IMPROVEMENT_2_NAME,reviewed,
MARKET_IMPROVEMENT_5_DES,reviewed,
TAVERN_IMPROVEMENT_10_NAME,reviewed,
HUNTING_SKILLED_LABOUR_5_DES,reviewed,
BU_LEATHER_3_REWARD,reviewed,
IRON_IMPROVEMENT_5_DES,reviewed,
HUNTING_IMPROVEMENT_16_DES,reviewed,
ACH_MAX_HAPPINESS_NAME,reviewed,
BU_BLACKSMITH_4_NAME,reviewed,
HUNTING_IMPROVEMENT_16_NAME,reviewed,
BI_MILITARY,reviewed,
BU_GOLD_MINE_3_REWARD,reviewed,
FARM_IMPROVEMENT_4_DES,reviewed,
BU_WAREHOUSE_3_DES,reviewed,
IRON_IMPROVEMENT_13_NAME,reviewed,
BU_MARKET_1_REWARD,reviewed,
GUARDS_IMPROVEMENT_15_DES,reviewed,
OPTIONS_MENU_CUSTOM_RESOLUTION,reviewed,
MAGE_IMPROVEMENT_4_DES,reviewed,
ALCHEMIST_IMPROVEMENT_9_DES,reviewed,
QUEST_DESCRIPTION34,reviewed,
BU_NORTHERN_WALL_4_DES,reviewed,
CREDITS_THANK_YOU,reviewed,
BU_MARKET_2_DES,reviewed,
QUEST_DESCRIPTION32A,reviewed,
ALCHEMIST_IMPROVEMENT_11_DES,reviewed,
ACH_BUILD_KEEP_DES,reviewed,
TOTAL_WORKERS,reviewed,
Iron Extras,reviewed,
NOTIFICATION_STARVATION_INTENSIFIED,reviewed,
MARKET_IMPROVEMENT_5_NAME,reviewed,
QUEST_DESCRIPTION32B,reviewed,
UPG_BOOK_PAGE_TITLE_GOLD_MINE,reviewed,
BU_HUNTING_3_REWARD,reviewed,
WOOD_IMPROVEMENT_2_NAME,reviewed,
BLACKSMITH_IMPROVEMENT_1_DES,reviewed,
GOLD_SKILLED_LABOUR_4_DES,reviewed,
BU_TOWN_SQUARE_7_NAME,reviewed,
OPTIONS_MENU_FULLSCREEN,reviewed,
FISHING_SKILLED_LABOUR_3_DES,reviewed,
BU_DOCKS_1_DES,reviewed,
MARKET_IMPROVEMENT_10_NAME,reviewed,
UPG_BOOK_PAGE_TITLE_IRON_MINE,reviewed,
ACH_POP_50_NAME,reviewed,
BU_FARM_1_REWARD,reviewed,
CONFIRM_DIFFICUTLY_CHANGE_DESCRIPTION,reviewed,
UPG_BOOK_PAGE_TITLE_LEATHER,reviewed,
ALCHEMIST_IMPROVEMENT_10_DES,reviewed,
LOC_MAGIC,reviewed,
BLACKSMITH_IMPROVEMENT_12_NAME,reviewed,
STONE_IMPROVEMENT_6_NAME,reviewed,
BU_FARM_2_REWARD,reviewed,
ITEM_CHURCH_BLESSING_OF_PROTECTION_NAME,reviewed,
BU_HOUSES_6_REWARD,reviewed,
GIANT_RAT_NAME_PLURAL,reviewed,
BU_ROAD_3_REWARD,reviewed,
IRON_IMPROVEMENT_14_NAME,reviewed,
FISHING_IMPROVEMENT_11_NAME,reviewed,
ACH_RESEARCH_BLUEPRINTS_DES,reviewed,
QUANTITY_A_LEGION_OF,reviewed,
IRON_IMPROVEMENT_2_DES,reviewed,
BANDIT_NAME,reviewed,
FISHING_IMPROVEMENT_11_DES,reviewed,
BU_SWAMP_4_REWARD,reviewed,
MAGIC_IMPROVEMENT_6_DES,reviewed,
GUARDS_IMPROVEMENT_9_DES,reviewed,
BU_FISHING_5_NAME,reviewed,
TRADE_CARAVAN_SIZE_LARGE,reviewed,
BU_SWAMP_2_REWARD,reviewed,
BU_ALCHEMIST_2_NAME,reviewed,
BU_WAREHOUSE_1_NAME,reviewed,
BU_NORTHERN_WALL_3_DES,reviewed,
WOOD_SKILLED_LABOUR_3_DES,reviewed,
BU_FISHING_2_NAME,reviewed,
BU_SOUTHERN_WALL_5_REWARD,reviewed,
BU_TOWN_GUARDS_1_NAME,reviewed,
DOCKS_IMPROVEMENT_8_DES,reviewed,
BU_TOWN_GUARDS_1_REWARD,reviewed,
BU_MARKET_1_NAME,reviewed,
DEBUFF_RECENT_STARVATION_5_NAME,reviewed,
BU_MARKET_5_DES,reviewed,
OPTIONS_MENU_MASTER,reviewed,
FARM_IMPROVEMENT_15_DES,reviewed,
DOCKS_IMPROVEMENT_6_NAME,reviewed,
BU_DOCKS_1_REWARD,reviewed,
BU_LEATHER_5_NAME,reviewed,
ACH_FLAWLESS_VICTORY_NAME,reviewed,
SPORE_TYRANT_NAME,reviewed,
KEEP_IMPROVEMENT_12_NAME,reviewed,
ITEM_CHURCH_HEAVENS_BLESSING_NAME,reviewed,
BLACKSMITH_IMPROVEMENT_3_DES,reviewed,
LOC_RENAME_CASTLE,reviewed,
BLUEPRINT_SOURCE_QUEST,reviewed,
IRON_IMPROVEMENT_3_NAME,reviewed,
BU_CHURCH_2_REWARD,reviewed,
STONE_IMPROVEMENT_14_DES,reviewed,
EYE_NAME,reviewed,
MAGIC_IMPROVEMENT_15_NAME,reviewed,
supplies,reviewed,
ACH_SURVIVE_PLAGUE_DES,reviewed,
LOC_CHURCH,reviewed,
BU_QUARRY_5_NAME,reviewed,
BU_LIBRARY_2_DES,reviewed,
BU_BLACKSMITH_3_DES,reviewed,
KEEP_IMPROVEMENT_12_DES,reviewed,
BLACKSMITH_IMPROVEMENT_6_NAME,reviewed,
LEATHER_IMPROVEMENT_10_DES,reviewed,
ALCHEMIST_IMPROVEMENT_5_NAME,reviewed,
MAGIC_IMPROVEMENT_5_NAME,reviewed,
BU_SOUTHERN_WALL_1_DES,reviewed,
ACH_DEFEAT_ASHENHOLT_DES,reviewed,
BU_ALCHEMIST_3_REWARD,reviewed,
WOOD_IMPROVEMENT_10_NAME,reviewed,
MAGIC_IMPROVEMENT_1_NAME,reviewed,
ITEM_ALCHEMIST_GOLD_FINDING_POTION_NAME,reviewed,
POLICY_CHURCH_SOUP_KITCHEN_DESCRIPTION,reviewed,
BU_CHURCH_5_DES,reviewed,
IRON_IMPROVEMENT_7_NAME,reviewed,
BU_MARKET_5_NAME,reviewed,
MAGIC_SKILLED_LABOUR_2_NAME,reviewed,
STONE_IMPROVEMENT_8_NAME,reviewed,
BU_QUARRY_4_NAME,reviewed,
Stone Extras,reviewed,
TOTAL_HP,reviewed,
BLACKSMITH_IMPROVEMENT_7_NAME,reviewed,
LOC_RENAME_LIBRARY,reviewed,
BU_KEEP_4_NAME,reviewed,
LEATHER_IMPROVEMENT_1_DES,reviewed,
TAVERN_IMPROVEMENT_3_NAME,reviewed,
MAGIC_IMPROVEMENT_6_NAME,reviewed,
ITEM_MAGIC_UNNATURAL_GROWTH_DESCRIPTION,reviewed,
CARPENTER_IMPROVEMENT_11_NAME,reviewed,
UPG_BOOK_PAGE_TITLE_FARM,reviewed,
BU_KEEP_3_NAME,reviewed,
QUARRY_SKILLED_LABOUR_4_DES,reviewed,
ROTTEN_ZOMBIE_NAME_PLURAL,reviewed,
GUARDS_IMPROVEMENT_6_DES,reviewed,
BU_FARM_4_DES,reviewed,
BU_DOCKS_1_NAME,reviewed,
KEEP_IMPROVEMENT_3_NAME,reviewed,
ACH_RECRUIT_WIZARD_NAME,reviewed,
MAGE_IMPROVEMENT_16_NAME,reviewed,
BU_CLIFF_1_DES,reviewed,
QUEST_LOG_NO_ADDITIONAL_REQUIREMENTS,reviewed,
WORLD_MAP_DEMAND_VERY_HIGH,reviewed,
BLACKSMITH_IMPROVEMENT_5_DES,reviewed,
UPG_BOOK_PAGE_TITLE_LEADER,reviewed,
BU_ALCHEMIST_2_DES,reviewed,
BU_HOUSES_5_NAME,reviewed,
BU_GOLD_MINE_5_NAME,reviewed,
BU_TOWN_SQUARE_3_DES,reviewed,
LOC_CARPENTER,reviewed,
BU_IRON_MINE_4_NAME,reviewed,
BU_DOCKS_3_DES,reviewed,
ITEM_CHURCH_PRAYERS_OF_INTERCESSION_NAME,reviewed,
HUNTING_IMPROVEMENT_10_NAME,reviewed,
BU_IRON_MINE_5_NAME,reviewed,
QUARRY_SKILLED_LABOUR_5_NAME,reviewed,
TAVERN_IMPROVEMENT_8_DES,reviewed,
BU_SWAMP_1_REWARD,reviewed,
UPG_BOOK_PAGE_TITLE_TAVERN,reviewed,
FISHING_IMPROVEMENT_8_NAME,reviewed,
IRON_IMPROVEMENT_9_NAME,reviewed,
cargo,reviewed,
FARM_IMPROVEMENT_18_DES,reviewed,
MAGIC_IMPROVEMENT_3_NAME,reviewed,
QUEST_LOG_REQ_SOLDIERS,reviewed,
BU_HOUSES_7_REWARD,reviewed,
BU_KEEP_4_REWARD,reviewed,
WOOD_IMPROVEMENT_11_NAME,reviewed,
ITEM_ALCHEMIST_CONVERT_IRON_TO_GOLD_DESCRIPTION,reviewed,
BLACKSMITH_IMPROVEMENT_6_DES,reviewed,
BLACKSMITH_IMPROVEMENT_8_NAME,reviewed,
ALCHEMIST_IMPROVEMENT_1_DES,reviewed,
BU_LEATHER_4_DES,reviewed,
BU_NORTHERN_WALL_5_NAME,reviewed,
MARKET_IMPROVEMENT_1_DES,reviewed,
WORLD_MAP_DEMAND_UNKNOWN,reviewed,
POLICY_IMMIGRATION_POP_INCREASE,reviewed,
HIGH_FOOD_BONUS,reviewed,
POLICY_KEEP_MEDIUM_TAXES_NAME,reviewed,
HUNTING_IMPROVEMENT_2_NAME,reviewed,
ENEMY_CATEGORY_GOBLIN,reviewed,
BU_SOUTHERN_WALL_4_REWARD,reviewed,
QUARRY_SKILLED_LABOUR_2_NAME,reviewed,
BU_TOWN_GUARDS_4_REWARD,reviewed,
MILITARY_UPKEEP_TITLE,reviewed,
BU_MAGIC_3_REWARD,reviewed,
BU_WAREHOUSE_2_REWARD,reviewed,
LIBRARY_IMPROVEMENT_1_NAME,reviewed,
HUNTING_IMPROVEMENT_18_DES,reviewed,
LEATHER_IMPROVEMENT_4_DES,reviewed,
HUNTING_IMPROVEMENT_12_DES,reviewed,
GOLD_SKILLED_LABOUR_5_DES,reviewed,
ITEM_ALCHEMIST_IRON_FINDING_POTION_DESCRIPTION,reviewed,
ITEM_MAGIC_ENCHANT_WEAPONS_I_NAME,reviewed,
WOOD_IMPROVEMENT_3_DES,reviewed,
GOLD_IMPROVEMENT_15_DES,reviewed,
CORRUPTED_BANDIT_NAME,reviewed,
POLICY_CHURCH_TITHES_NAME,reviewed,
BU_SWAMP_3_DES,reviewed,
CARPENTER_IMPROVEMENT_5_NAME,reviewed,
LEATHER_IMPROVEMENT_2_NAME,reviewed,
NOTIFICATION_BATTLE_DEFEAT_SIMPLE,reviewed,
MAGIC_SKILLED_LABOUR_4_DES,reviewed,
BU_TAVERN_1_DES,reviewed,
BU_GOLD_MINE_4_NAME,reviewed,
CARPENTER_IMPROVEMENT_1_DES,reviewed,
BU_CARPENTER_4_NAME,reviewed,
LEADERSHIP,reviewed,
BU_ALCHEMIST_4_REWARD,reviewed,
NOTIFICATION_MONSTER_ARMY_APPROACHING,reviewed,
WOOD_IMPROVEMENT_5_DES,reviewed,
SHOP_POLICY_SUFFIX,reviewed,
BLACKSMITH_IMPROVEMENT_7_DES,reviewed,
UPG_BOOK_PAGE_TITLE_BLACKSMITH,reviewed,
BU_SOUTHERN_WALL_2_DES,reviewed,
BU_GOLD_MINE_5_REWARD,reviewed,
IRONREND,reviewed,
HAPPINESS,reviewed,
DIRE_BAT_NAME,reviewed,
DIF_HIGH,reviewed,Thang cường độ 5 bậc; JA có 'lớn' nhưng EN/KO là cao.
BU_WAREHOUSE_2_DES,reviewed,
MAGE_IMPROVEMENT_9_NAME,reviewed,
MAGE_IMPROVEMENT_7_DES,reviewed,
WOOD_IMPROVEMENT_6_DES,reviewed,
KEEP_IMPROVEMENT_13_DES,reviewed,
ORC_BERSERKER_NAME,reviewed,
ITEM_MAGIC_MANA_TAP_DESCRIPTION,reviewed,
DEBUFF_RECENTLY_RAIDED_DESCRIPTION,reviewed,
ACH_COMPLETE_GENTLE_DES,reviewed,
QUEST_OBJECTIVE32B,reviewed,
BU_TOWN_SQUARE_2_DES,reviewed,
KEEP_IMPROVEMENT_7_DES,reviewed,
BU_IRON_MINE_5_REWARD,reviewed,
STONE_IMPROVEMENT_7_NAME,reviewed,
SAVE_SLOT,reviewed,
IRON_SKILLED_LABOUR_3_DES,reviewed,
BU_ROAD_4_DES,reviewed,
BU_TOWN_SQUARE_7_REWARD,reviewed,
ITEM_MAGIC_ENCHANT_ARMOUR_I_NAME,reviewed,
ONGOING_EFFECT,reviewed,
STONE,reviewed,
ITEM_CHURCH_DIVINE_INTERVENTION_DESCRIPTION,reviewed,
UPG_BOOK_PAGE_TITLE_MARKET,reviewed,
BU_CARPENTER_4_REWARD,reviewed,
BU_LIBRARY_1_DES,reviewed,
LOC_TOWN_SQUARE,reviewed,
LOC_RENAME_GOLD,reviewed,
BU_LIBRARY_3_DES,reviewed,
wages,reviewed,
BU_CHURCH_3_REWARD,reviewed,
WOOD_IMPROVEMENT_9_DES,reviewed,
BU_LUMBER_3_REWARD,reviewed,
BU_ALCHEMIST_5_DES,reviewed,
QUANTITY_A_THRONG_OF,reviewed,
DIFFICULTY_EASY_DESCRIPTION,reviewed,
BU_LIBRARY_2_NAME,reviewed,
GUARDS_IMPROVEMENT_13_NAME,reviewed,
KEEP_IMPROVEMENT_17_NAME,reviewed,
QUEST_DESCRIPTION8,reviewed,
BU_LEATHER_4_REWARD,reviewed,
QUEST_DESCRIPTION9,reviewed,
BU_TOWN_SQUARE_1_DES,reviewed,
CREDITS_PUBLISHED_BY,reviewed,
TAVERN_IMPROVEMENT_9_NAME,reviewed,
CHURCH_IMPROVEMENT_6_DES,reviewed,
QUEST_DESCRIPTION4,reviewed,
STONE_IMPROVEMENT_16_NAME,reviewed,
QUEST_DESCRIPTION5,reviewed,
OPTIONS_MENU_DISABLE_POI_ARROW,reviewed,
QUEST_DESCRIPTION6,reviewed,
QUEST_DESCRIPTION7,reviewed,
BU_FISHING_6_REWARD,reviewed,
QUEST_DESCRIPTION2,reviewed,
QUEST_DESCRIPTION3,reviewed,
BU_TOWN_SQUARE_9_DES,reviewed,
IRON_IMPROVEMENT_11_NAME,reviewed,
FISHING_IMPROVEMENT_14_DES,reviewed,
ANCIENT_SKELETON_NAME_PLURAL,reviewed,
ZOMBIE_NAME_PLURAL,reviewed,
GAME_MENU_RESUME,reviewed,
TAVERN_IMPROVEMENT_4_NAME,reviewed,
TAVERN_IMPROVEMENT_7_DES,reviewed,
MEDIUM_FOOD_BONUS,reviewed,
TAVERN_IMPROVEMENT_3_DES,reviewed,
ITEM_CALL_TO_ARMS_DESCRIPTION,reviewed,
FISHING_SKILLED_LABOUR_4_DES,reviewed,
BLACKSMITH_IMPROVEMENT_19_NAME,reviewed,
STONE_IMPROVEMENT_4_NAME,reviewed,
BU_HOUSES_6_DES,reviewed,
BU_BLACKSMITH_2_DES,reviewed,
UPG_BOOK_UNLOCK_REQUIREMENT,reviewed,
GOLD_IMPROVEMENT_3_DES,reviewed,
BEHOLDER_SPAWN_NAME_PLURAL,reviewed,
BU_LUMBER_1_REWARD,reviewed,
BU_HOUSES_3_DES,reviewed,
MAGIC_SKILLED_LABOUR_5_DES,reviewed,
ITEM_MAGIC_STABLE_PORTAL_NAME,reviewed,
HOUSING_FULL,reviewed,
WOOD_IMPROVEMENT_14_NAME,reviewed,
GUARDS_IMPROVEMENT_10_DES,reviewed,
MAGE_IMPROVEMENT_14_NAME,reviewed,
STONE_IMPROVEMENT_3_NAME,reviewed,
BU_TOWN_GUARDS_4_NAME,reviewed,
UPG_BOOK_PAGE_TITLE_LIBRARY,reviewed,
BU_TAVERN_2_DES,reviewed,
HUNTING_IMPROVEMENT_6_DES,reviewed,
BU_SWAMP_5_NAME,reviewed,
DIFFICULTY_NORMAL,reviewed,
BU_IRON_MINE_2_NAME,reviewed,
LOC_TOWN_GUARDS,reviewed,
DEBUFF_RECENT_STARVATION_1_DESCRIPTION,reviewed,
UPG_BOOK_UPGRADES,reviewed,
QUANTITY_A_HORDE_OF,reviewed,
BU_CARPENTER_1_DES,reviewed,
CREDITS_SPECIAL_THANKS_SUPPORT,reviewed,
BU_CARPENTER_5_REWARD,reviewed,
NOTIFICATION_STARVATION_RECOVERED,reviewed,
BU_TOWN_GUARDS_5_REWARD,reviewed,
POLICY_FOREIGN_TAX_III_NAME,reviewed,
END_CREDIT_TITLE,reviewed,
BU_WAREHOUSE_5_REWARD,reviewed,
POLICY_FOREIGN_TAX_IV_NAME,reviewed,
BU_GOLD_MINE_1_NAME,reviewed,
MAGIC_IMPROVEMENT_8_NAME,reviewed,
BU_TAVERN_4_REWARD,reviewed,
BU_MARKET_4_NAME,reviewed,
IRON_SKILLED_LABOUR_4_DES,reviewed,
CONGESTION,reviewed,
WOOD,reviewed,
MAGIC_IMPROVEMENT_7_NAME,reviewed,
BU_SOUTHERN_WALL_4_DES,reviewed,
TAVERN_IMPROVEMENT_1_NAME,reviewed,
BU_SWAMP_4_DES,reviewed,
LEATHER_IMPROVEMENT_4_NAME,reviewed,
KEEP_IMPROVEMENT_4_NAME,reviewed,
BU_FISHING_4_NAME,reviewed,
STONE_IMPROVEMENT_18_NAME,reviewed,
MAGIC_IMPROVEMENT_12_NAME,reviewed,
MARKET_IMPROVEMENT_11_NAME,reviewed,
BU_MAGIC_4_DES,reviewed,
BU_FARM_3_DES,reviewed,
LIBRARY_IMPROVEMENT_6_NAME,reviewed,
QUEST_WARNING_TITLE,reviewed,
MAGIC_IMPROVEMENT_2_DES,reviewed,
MAGIC_IMPROVEMENT_9_NAME,reviewed,
MAGIC_IMPROVEMENT_7_DES,reviewed,
ITEM_LIBRARY_MASTER_BLUEPRINT_DESCRIPTION,reviewed,
BU_SWAMP_4_NAME,reviewed,
FARM_IMPROVEMENT_3_DES,reviewed,
ITEM_ALCHEMIST_IRON_FINDING_POTION_NAME,reviewed,
Multiplier A,reviewed,
DOCKS_IMPROVEMENT_3_DES,reviewed,
MARKET_IMPROVEMENT_12_DES,reviewed,
BLACKSMITH_IMPROVEMENT_10_NAME,reviewed,
QUEST_LOG_REQ_LIBRARY_LEVEL,reviewed,
BU_QUARRY_3_REWARD,reviewed,
ORC_NAME,reviewed,
NOTIFICATION_BATTLE_VICTORY_SIMPLE,reviewed,
MAGIC_SKILLED_LABOUR_3_NAME,reviewed,
WOOD_IMPROVEMENT_13_NAME,reviewed,
GAME_MENU_SAVE_EXIT,reviewed,
STONE_IMPROVEMENT_8_DES,reviewed,
MILITARY_HAPPINESS,reviewed,
GUARDS_IMPROVEMENT_11_DES,reviewed,
BU_HUNTING_5_NAME,reviewed,
BU_BLACKSMITH_5_DES,reviewed,
OPTIONS_MENU_HOTKEYS,reviewed,
MAGE_IMPROVEMENT_9_DES,reviewed,
WOOD_IMPROVEMENT_3_NAME,reviewed,
ITEM_LIBRARY_ADVANCED_BLUEPRINT_DESCRIPTION,reviewed,
BU_CLIFF_1_REWARD,reviewed,Giữ placeholder rõ ràng theo EN 'To be defined'.
BU_KEEP_2_REWARD,reviewed,
QUEST_OBJECTIVE33B,reviewed,
BU_DOCKS_3_REWARD,reviewed,
BU_TOWN_SQUARE_8_REWARD,reviewed,
DOCKS_IMPROVEMENT_9_NAME,reviewed,
BU_IRON_MINE_3_REWARD,reviewed,
NOTE_CIVILIANS_SLAIN,reviewed,
DOCKS_IMPROVEMENT_8_NAME,reviewed,
QUARRY_SKILLED_LABOUR_3_NAME,reviewed,
FARM_SKILLED_LABOUR_5_DES,reviewed,
KEEP_IMPROVEMENT_2_DES,reviewed,
BU_BLACKSMITH_4_REWARD,reviewed,
ALCHEMIST_IMPROVEMENT_10_NAME,reviewed,
CARPENTER_IMPROVEMENT_9_DES,reviewed,
BU_CHURCH_4_REWARD,reviewed,
FISHING_IMPROVEMENT_9_DES,reviewed,
GOLD_IMPROVEMENT_14_NAME,reviewed,
FISHING_IMPROVEMENT_4_DES,reviewed,
QUANTITY_SEVERAL,reviewed,
ITEM_MAGIC_ONE_WAY_PORTAL_DESCRIPTION,reviewed,
RUBESCAIRN_TRADE_AGREEMENT,reviewed,
WOOD_SKILLED_LABOUR_2_NAME,reviewed,
MILITARY_TRAINING_TITLE,reviewed,
BU_FISHING_2_REWARD,reviewed,
BU_WAREHOUSE_5_DES,reviewed,
WOOD_IMPROVEMENT_14_DES,reviewed,
BLACKSMITH_IMPROVEMENT_13_NAME,reviewed,
MARKET_IMPROVEMENT_7_DES,reviewed,
BU_TAVERN_5_REWARD,reviewed,
BU_IRON_MINE_5_DES,reviewed,
KEEP_IMPROVEMENT_14_NAME,reviewed,
ACH_KINGDOM_BORN_NAME,reviewed,
LOC_QUARRY,reviewed,
LUXURIES,reviewed,
BLACKSMITH_IMPROVEMENT_1_NAME,reviewed,
IRON_SKILLED_LABOUR_5_DES,reviewed,
WOOD_IMPROVEMENT_6_NAME,reviewed,
GIANT_RAT_NAME,reviewed,
BU_TOWN_SQUARE_4_DES,reviewed,
BU_KEEP_2_DES,reviewed,
RESTART_LATER,reviewed,
KEEP_IMPROVEMENT_15_NAME,reviewed,
WORLD_MAP_DEMAND_REDUCED,reviewed,
MAGIC_IMPROVEMENT_14_DES,reviewed,
MAGE_IMPROVEMENT_17_DES,reviewed,
GUARDS_IMPROVEMENT_2_NAME,reviewed,
OPTIONS_MENU_UI_SCALE,reviewed,
PAUSED,reviewed,
POLICY_CHURCH_SOUP_KITCHEN_ONGOING_COST,reviewed,
BU_KEEP_5_REWARD,reviewed,
BU_GOLD_MINE_3_DES,reviewed,
BU_MILITARY_CAMP_1_DES,reviewed,
UPG_BOOK_PAGE_TITLE_QUARRY,reviewed,
QUEST_LOG_REQ_TOWN_GUARDS_LEVEL,reviewed,
WOOD_SKILLED_LABOUR_5_NAME,reviewed,
FISHING_IMPROVEMENT_7_DES,reviewed,
MAGIC_IMPROVEMENT_2_NAME,reviewed,
MAGIC_IMPROVEMENT_11_DES,reviewed,
KEEP_IMPROVEMENT_11_NAME,reviewed,
KEEP_IMPROVEMENT_9_DES,reviewed,
MARKET_IMPROVEMENT_2_DES,reviewed,
MARKET_IMPROVEMENT_13_DES,reviewed,
BU_ALCHEMIST_5_REWARD,reviewed,
BU_MARKET_1_DES,reviewed,
FOOD_SECURITY,reviewed,
IRON_IMPROVEMENT_7_DES,reviewed,
CHURCH_IMPROVEMENT_12_DES,reviewed,
PER_MIN,reviewed,
QUEST_OBJECTIVE30B,reviewed,
MUSHROOM_NAME_PLURAL,reviewed,
BU_FISHING_1_NAME,reviewed,
LOC_KEEP,reviewed,
LOC_RENAME_MANOR,reviewed,
DIFFICULTY_HARD_DESCRIPTION,reviewed,
KEEP_IMPROVEMENT_9_NAME,reviewed,
STONE_IMPROVEMENT_2_DES,reviewed,
LEATHER_IMPROVEMENT_3_NAME,reviewed,
ACH_FIRST_ENEMY_NAME,reviewed,
BU_TOWN_SQUARE_4_NAME,reviewed,
POPULATION_GROWTH_BONUS,reviewed,
QUEST_LOG_NO_QUEST_AVAILABLE,reviewed,
BU_TOWN_GUARDS_3_NAME,reviewed,
HUNTING_IMPROVEMENT_15_DES,reviewed,
ITEM_MAGIC_ENCHANT_WEAPONS_I_DESCRIPTION,reviewed,
BUILD_MENU_CONSTRUCT,reviewed,
HARV_CAPACITY_REACHED,reviewed,
ITEM_LIBRARY_EXPERT_BLUEPRINT_NAME,reviewed,
TAVERN_IMPROVEMENT_7_NAME,reviewed,
GUARDS_IMPROVEMENT_4_NAME,reviewed,
ACH_FLAWLESS_VICTORY_DES,reviewed,
LOC_WAREHOUSE,reviewed,
POLICY_CHURCH_COMMUNITY_OUTREACH_DESCRIPTION,reviewed,
BU_QUARRY_5_REWARD,reviewed,
MILITARY_SOLDER_STRENGTH_TITLE,reviewed,
POLICY_CHURCH_COMMUNITY_OUTREACH_NAME,reviewed,
POLICY_RECRUIT_IMMIGRANT_WORKERS_I_DESCRIPTION,reviewed,
MARKET_IMPROVEMENT_3_NAME,reviewed,
BU_SOUTHERN_WALL_5_NAME,reviewed,
FARM_IMPROVEMENT_8_DES,reviewed,
WOOD_IMPROVEMENT_4_NAME,reviewed,
MAGE_IMPROVEMENT_11_NAME,reviewed,
BLACKSMITH_IMPROVEMENT_4_DES,reviewed,
IRON_MINE,reviewed,
ITEM_LIBRARY_ADVANCED_BLUEPRINT_NAME,reviewed,
ALCHEMIST_IMPROVEMENT_2_NAME,reviewed,
LOC_MILITARY_CAMP,reviewed,
ACH_COMPLETE_CHALLENGING_DES,reviewed,
CARPENTER_IMPROVEMENT_5_DES,reviewed,
HUNTING_IMPROVEMENT_2_DES,reviewed,
BU_MARKET_2_REWARD,reviewed,
BU_SOUTHERN_WALL_3_DES,reviewed,
DURATION_LABEL,reviewed,
IRON_IMPROVEMENT_14_DES,reviewed,
POLICY_CHURCH_SOCIAL_WELFARE_DESCRIPTION,reviewed,
LEATHER_IMPROVEMENT_5_NAME,reviewed,
WOOD_IMPROVEMENT_11_DES,reviewed,
BU_CHURCH_5_REWARD,reviewed,
TRADE_CARAVAN_SIZE_SMALL,reviewed,
BU_GOLD_MINE_2_REWARD,reviewed,
BU_SOUTHERN_WALL_2_NAME,reviewed,
GUARDS_IMPROVEMENT_5_DES,reviewed,
TAVERN_IMPROVEMENT_2_DES,reviewed,
STONE_IMPROVEMENT_1_NAME,reviewed,
Farm Extras,reviewed,
WOOD_IMPROVEMENT_15_NAME,reviewed,
BLACKSMITH_IMPROVEMENT_15_DES,reviewed,
LIBRARY_IMPROVEMENT_5_NAME,reviewed,
BU_BLACKSMITH_5_NAME,reviewed,
BU_TOWN_GUARDS_5_DES,reviewed,
STONE_IMPROVEMENT_16_DES,reviewed,
SHIP,reviewed,
Global Research,reviewed,
MARKET_IMPROVEMENT_7_NAME,reviewed,
POLICY_CHURCH_ALMS_FOR_THE_POOR_DESCRIPTION,reviewed,
ITEM_TAVERN_DRINKS_ON_ME_DESCRIPTION,reviewed,
STONE_IMPROVEMENT_11_NAME,reviewed,
BU_FARM_5_NAME,reviewed,
ACH_MAX_HAPPINESS_DES,reviewed,
STONE_IMPROVEMENT_14_NAME,reviewed,
BU_ALCHEMIST_4_NAME,reviewed,
STONE_IMPROVEMENT_17_NAME,reviewed,
MARKET_IMPROVEMENT_6_NAME,reviewed,
RETURN_TO_GAME,reviewed,
LOC_RENAME_HARBOR,reviewed,
MAIN_MENU_EXIT,reviewed,
WOOD_IMPROVEMENT_1_NAME,reviewed,
QUEST_OBJECTIVE31B,reviewed,
FISHING_SKILLED_LABOUR_5_DES,reviewed,
BU_ALCHEMIST_1_DES,reviewed,
LANGUAGES,reviewed,
STONE_IMPROVEMENT_13_DES,reviewed,
BU_LEATHER_5_DES,reviewed,
MAGE_IMPROVEMENT_5_NAME,reviewed,
KEEP_IMPROVEMENT_8_DES,reviewed,
END_POPULATION,reviewed,
DEBUFF_RECENTLY_RAIDED_NAME,reviewed,
CONSCRIPTION,reviewed,
BEHOLDER_SPAWN_NAME,reviewed,
HUNTING_IMPROVEMENT_8_DES,reviewed,
BU_HUNTING_2_DES,reviewed,
STONE_IMPROVEMENT_15_NAME,reviewed,
BU_HUNTING_4_REWARD,reviewed,
QUEST_LOG_REQ_TAVERN_LEVEL,reviewed,
ACH_STONE_WALLS_DES,reviewed,
POLICY_RECRUIT_IMMIGRANT_WORKERS_II_NAME,reviewed,
LOC_LUMBER,reviewed,
GOBLIN_WARRIOR_NAME_PLURAL,reviewed,
MAGE_IMPROVEMENT_15_NAME,reviewed,
UPG_BOOK_PAGE_TITLE_ALCHEMIST,reviewed,
UPG_BOOK_PAGE_TITLE_HUNTING,reviewed,
HUNTING_IMPROVEMENT_12_NAME,reviewed,
LOC_RENAME_KEEP,reviewed,
LEATHER_IMPROVEMENT_9_NAME,reviewed,
MAGIC_IMPROVEMENT_9_DES,reviewed,
CREDITS_TITLE,reviewed,
ACH_FIRST_TRADE_NAME,reviewed,
BLACKSMITH_IMPROVEMENT_8_DES,reviewed,
END_PLAYTIME,reviewed,
ANKHET-NAR,reviewed,
CHURCH_IMPROVEMENT_9_DES,reviewed,
MARKET_IMPROVEMENT_12_NAME,reviewed,
GLOBAL_HUNGRY,reviewed,
GOBLIN_NAME,reviewed,
FARM_IMPROVEMENT_7_DES,reviewed,
MARKET_IMPROVEMENT_9_NAME,reviewed,
BU_HUNTING_4_DES,reviewed,
LOC_RENAME_MAGIC_ACADEMY,reviewed,
BU_MARKET_3_NAME,reviewed,
TAVERN_IMPROVEMENT_9_DES,reviewed,
WOOD_SKILLED_LABOUR_3_NAME,reviewed,
UPG_BOOK_PAGE_TITLE_CHURCH,reviewed,
Items,reviewed,
MARKET_IMPROVEMENT_8_DES,reviewed,
MAGIC_IMPROVEMENT_14_NAME,reviewed,
QUANTITY_LOTS_OF,reviewed,
NONE,reviewed,
KEEP_IMPROVEMENT_7_NAME,reviewed,
BU_HUNTING_5_DES,reviewed,
MAGE_IMPROVEMENT_3_NAME,reviewed,
LIBRARY_IMPROVEMENT_8_NAME,reviewed,
NOTIFICATION_STARVATION_EASED,reviewed,
TAVERN_IMPROVEMENT_5_DES,reviewed,
WOOD_IMPROVEMENT_2_DES,reviewed,
DEMO_MES_3,reviewed,
MILITARY_HAPPINESS_EFFECT_TITLE,reviewed,
DEMO_MES_2,reviewed,
BU_WAREHOUSE_2_NAME,reviewed,
DOCKS_IMPROVEMENT_7_NAME,reviewed,
DEMO_MES_1,reviewed,
DEMO_MES_4,reviewed,
UPG_BOOK_PAGE_TITLE_MAGIC,reviewed,
ITEM_MAGIC_ONE_WAY_PORTAL_NAME,reviewed,
BU_GOLD_MINE_4_DES,reviewed,
LEATHER_IMPROVEMENT_8_DES,reviewed,
OPT_SCROLL_SPEED,reviewed,
MAGE_IMPROVEMENT_6_NAME,reviewed,
BU_WAREHOUSE_5_NAME,reviewed,
ITEM_ALCHEMIST_STONE_BREAKING_POWDER_NAME,reviewed,
UPG_BUY,reviewed,
ALCHEMIST_IMPROVEMENT_7_NAME,reviewed,
QUARRY_SKILLED_LABOUR_5_DES,reviewed,
BU_BLACKSMITH_3_NAME,reviewed,
POLICY_RECRUIT_IMMIGRANT_WORKERS_I_NAME,reviewed,
ALCHEMIST_IMPROVEMENT_6_DES,reviewed,
BU_QUARRY_5_DES,reviewed,
BU_TOWN_SQUARE_10_REWARD,reviewed,
QUEST_LOG_MAIN_BUTTON,reviewed,
EVENT_ARCHIVE,reviewed,
BU_BLACKSMITH_5_REWARD,reviewed,
MARKET_IMPROVEMENT_9_DES,reviewed,
ANCIENT_TREANT_NAME,reviewed,
QUANTITY_A_SWARM_OF,reviewed,
BU_KEEP_1_DES,reviewed,
BU_KEEP_2_NAME,reviewed,
BU_MILITARY_CAMP_1_REWARD,reviewed,Giữ placeholder rõ ràng theo EN 'To be defined'.
Magic Extras,reviewed,
HUNTING_IMPROVEMENT_9_NAME,reviewed,
WOOD_SKILLED_LABOUR_4_DES,reviewed,
MAGE_IMPROVEMENT_17_NAME,reviewed,
KEEP_IMPROVEMENT_1_DES,reviewed,
GIANT_MOSQUITO_NAME,reviewed,
WOOD_IMPROVEMENT_12_NAME,reviewed,
BU_FARM_5_REWARD,reviewed,
BU_HOUSES_2_DES,reviewed,
FOREIGN_TAX,reviewed,
CHURCH_IMPROVEMENT_7_NAME,reviewed,
MARKET_IMPROVEMENT_14_DES,reviewed,
WOOD_SKILLED_LABOUR_5_DES,reviewed,
LOC_RENAME_UNIVERSITY,reviewed,
BU_HUNTING_3_DES,reviewed,
LIBRARY_IMPROVEMENT_6_DES,reviewed,
Happiness,reviewed,
GUARDS_IMPROVEMENT_14_DES,reviewed,
GOBLIN_NAME_PLURAL,reviewed,
GROWTH_HIGH,reviewed,
BU_MAGIC_3_NAME,reviewed,
GUARDS_IMPROVEMENT_16_DES,reviewed,
NO_FOOD_BONUS,reviewed,
BU_SWAMP_5_REWARD,reviewed,
BU_FARM_4_NAME,reviewed,
TUTORIAL_8,reviewed,
TUTORIAL_9,reviewed,
TUTORIAL_4,reviewed,
BU_WAREHOUSE_4_NAME,reviewed,
TUTORIAL_5,reviewed,
TUTORIAL_6,reviewed,
DIFFICULTY_VERY_HARD,reviewed,
TUTORIAL_7,reviewed,
MAGE_IMPROVEMENT_6_DES,reviewed,
WOOD_SKILLED_LABOUR_1_NAME,reviewed,
TUTORIAL_0,reviewed,
BU_FISHING_6_DES,reviewed,
GUARDS_IMPROVEMENT_3_NAME,reviewed,
TUTORIAL_1,reviewed,
UPG_BOOK_PAGE_TITLE_CARPENTER,reviewed,
TUTORIAL_2,reviewed,
GOLD_IMPROVEMENT_6_DES,reviewed,
TUTORIAL_3,reviewed,
ORC_WARRIOR_NAME,reviewed,
ITEM_TAVERN_DRINKS_ON_ME_NAME,reviewed,
BU_SWAMP_1_NAME,reviewed,
BU_TOWN_SQUARE_7_DES,reviewed,
Storage,reviewed,
BLUEPRINT_SOURCE_RESEARCH,reviewed,
BU_LEATHER_5_REWARD,reviewed,
BU_CHURCH_1_REWARD,reviewed,
TAVERN_IMPROVEMENT_4_DES,reviewed,
ACH_KINGDOM_BORN_DES,reviewed,
DEBUFF_RECENT_STARVATION_5_DESCRIPTION,reviewed,
Gold Extras,reviewed,
WOOD_IMPROVEMENT_7_NAME,reviewed,
LIBRARY_IMPROVEMENT_7_NAME,reviewed,
BU_IRON_MINE_4_REWARD,reviewed,
STONE_IMPROVEMENT_5_DES,reviewed,
QUEST_LOG_REQ_KEEP_LEVEL,reviewed,
ITEM_ALCHEMIST_TIMBER_GROWTH_POTION_NAME,reviewed,
LOC_IRON_MINE,reviewed,
BU_SOUTHERN_WALL_5_DES,reviewed,
CARPENTER_IMPROVEMENT_4_NAME,reviewed,
UPG_BOOK_PAGE_TITLE_SHIPWRIGHT,reviewed,
BU_FARM_1_DES,reviewed,
WOOD_IMPROVEMENT_13_DES,reviewed,
QUARRY_SKILLED_LABOUR_4_NAME,reviewed,
IRON_IMPROVEMENT_9_DES,reviewed,
WOOD_SKILLED_LABOUR_4_NAME,reviewed,
PLAGUE_MOSQUITO_NAME_PLURAL,reviewed,
UPG_BOOK_PAGE_TITLE_SOLDIERS,reviewed,
POLICY_KEEP_HIGH_TAXES_DESCRIPTION,reviewed,
IRON_IMPROVEMENT_13_DES,reviewed,
MARKET_IMPROVEMENT_3_DES,reviewed,
UPG_BOOK_PAGE_TITLE_WORKSHOP,reviewed,
HUNTING_IMPROVEMENT_13_NAME,reviewed,
KEEP_IMPROVEMENT_13_NAME,reviewed,
OPTIONS_MENU_RESIZE_LOCK,reviewed,
VAMPIRIC_BAT_NAME_PLURAL,reviewed,
BU_LUMBER_3_NAME,reviewed,
ACH_FULLY_UPGRADE_NAME,reviewed,
WOOD_IMPROVEMENT_9_NAME,reviewed,
LIBRARY_IMPROVEMENT_8_DES,reviewed,
MARKET_IMPROVEMENT_15_DES,reviewed,
POLICY_CHURCH_SOCIAL_WELFARE_ONGOING_COST,reviewed,
NOTIFICATION_CARAVAN_RETURNED,reviewed,
WOOD_IMPROVEMENT_7_DES,reviewed,
LEATHER_IMPROVEMENT_10_NAME,reviewed,
MAIN_MENU_NO,reviewed,
BU_SOUTHERN_WALL_1_REWARD,reviewed,
GOLD_IMPROVEMENT_9_DES,reviewed,
LOC_GOLD_MINE,reviewed,
